0.018568456053134404;0.002797700557429158;-8.058568456053134;-0.08279770055742916
0.048277984422321944;-0.0009325667742392648;-8.12827798442232;-0.15906743322576075
0.07613066648948355;-0.0074605342666322835;-8.19613066648948;-0.2325394657333677
0.1076970397940823;-0.007460534220000696;-8.26769703979408;-0.3125394657799993
0.13183603228104537;-0.0027977002897247444;-8.331836032281041;-0.39720229971027526
0.1559750236830278;-0.01492106819018452;-8.395975023683024;-0.4650789318098155
0.163402406000624;-0.032639836839954334;-8.443402406000619;-0.5273601631600457
0.18011401720893208;-0.12682908000295232;-8.500114017208926;-0.5131709199970477
0.1875414008555362;-0.17159228465739515;-8.547541400855529;-0.5484077153426048
0.20425301615413843;-0.27603976110038875;-8.60425301615413;-0.5239602388996112
0.20982356373612493;-0.3842175046533542;-8.649823563736115;-0.4957824953466457
0.21725096129298768;-0.5101140160125945;-8.697250961292978;-0.4498859839874053
0.22282151876610926;-0.6509315954453877;-8.742821518766098;-0.3890684045546121
0.23953316162074495;-0.8187936077192601;-8.799533161620733;-0.30120639228073975
0.24696056522271131;-0.9120502810477222;-8.846960565222698;-0.2879497189522777
0.2618153776774878;-1.091103092536015;-8.901815377677474;-0.18889690746398502
0.2822407412142522;-1.2822792683453272;-8.962240741214238;-0.07772073165467286
0.28781135066998287;-1.4790508485426852;-9.007811350669968;0.039050848542685035
0.2785272220451865;-1.7093948374676187;-9.03852722204517;0.18939483746761843
0.24510413970332856;-1.9854346108514602;-9.045104139703312;0.3854346108514599
0.1819715664883959;-2.285721143365989;-9.021971566488379;0.6057211433659886
0.13183684245210053;-2.4498529272284206;-9.011836842452082;0.6898529272284202
0.03713796038599671;-2.790239872710612;-8.957137960385976;0.9502398727106114
0.03713796038599671;-2.790239872710612;-8.997137960385976;0.8702398727106113
-0.022280962263702804;-2.9636973456371165;-8.977719037736275;0.9636973456371161
-0.022280962263702804;-2.9636973456371165;-9.017719037736274;0.883697345637116
-0.09098410382471446;-3.1362222648282003;-8.989015896175262;0.9762222648281997
-0.09098410382471446;-3.1362222648282003;-9.029015896175261;0.8962222648281997
-0.16711462606992802;-3.3003540955699298;-8.992885373930047;0.980354095569929
-0.16711462606992802;-3.3003540955699298;-9.032885373930046;0.900354095569929
-0.2488156919485645;-3.451430002139191;-8.991184308051409;0.97143000213919
-0.33794413608870877;-3.599708221665603;-8.942055863911264;1.039708221665602
-0.33794413608870877;-3.599708221665603;-8.982055863911263;0.9597082216656019
-0.33794413608870877;-3.599708221665603;-9.022055863911262;0.8797082216656018
-0.44007049516840646;-3.744256193765077;-8.959929504831564;0.9442561937650757
-0.5459105642486634;-3.8673551379992457;-8.894089435751306;0.9873551379992445
-0.5459105642486634;-3.8673551379992457;-8.934089435751305;0.9073551379992444
-0.6517506531300068;-3.966207347970194;-8.86824934686996;0.9262073479701924
-0.6517506531300068;-3.966207347970194;-8.90824934686996;0.8462073479701924
-0.7650181487503256;-4.041745396624494;-8.83498185124964;0.8417453966244923
-0.8894267320295431;-4.101429822529022;-8.750573267970422;0.8214298225290206
-0.8894267320295431;-4.101429822529022;-8.790573267970421;0.7414298225290206
-0.9989805713753528;-4.143395461810276;-8.721019428624611;0.7033954618102745
-0.9989805713753528;-4.143395461810276;-8.76101942862461;0.6233954618102744
-1.110391273509845;-4.168574897860838;-8.689608726490118;0.5685748978608358
-1.110391273509845;-4.168574897860838;-8.729608726490117;0.48857489786083574
-1.214374613144101;-4.176968118793286;-8.66562538685586;0.4169681187932839
-1.214374613144101;-4.176968118793286;-8.705625386855859;0.3369681187932838
-1.3127874285985932;-4.17323796113142;-8.647212571401365;0.25323796113141794
-1.3127874285985932;-4.17323796113142;-8.687212571401364;0.17323796113141832
-1.4093434106342808;-4.160182129581849;-8.630656589365676;0.08018212958184723
-1.5058993984219695;-4.141530894171503;-8.574100601577985;-0.018469105828498478
-1.5058993984219695;-4.141530894171503;-8.614100601577984;-0.09846910582849855
-1.6098827733856498;-4.118216830006969;-8.550117226614304;-0.2017831699930328
-1.6098827733856498;-4.118216830006969;-8.590117226614304;-0.2817831699930329
-1.6098827733856498;-4.118216830006969;-8.630117226614303;-0.36178316999303295
-1.7194366830876016;-4.095835337827952;-8.56056331691235;-0.4641646621720499
-1.8364179699289427;-4.078116689009541;-8.483582030071007;-0.5618833109904617
-1.8364179699289427;-4.078116689009541;-8.523582030071006;-0.6418833109904618
-1.9682540232573764;-4.057600353238076;-8.431745976742572;-0.7423996467619265
-1.9682540232573764;-4.057600353238076;-8.471745976742572;-0.8223996467619266
-2.11494484659761;-4.03242119563083;-8.365055153402338;-0.9275788043691726
-2.27277674835533;-4.002579211266058;-8.247223251644616;-1.0374207887339448
-2.27277674835533;-4.002579211266058;-8.287223251644615;-1.117420788733945
-2.27277674835533;-4.002579211266058;-8.327223251644615;-1.197420788733945
-2.4380360344123604;-3.969939529768231;-8.201963965587584;-1.3100604702317717
-2.608865854364436;-3.9382324189355318;-8.071134145635508;-1.4217675810644712
-2.608865854364436;-3.9382324189355318;-8.111134145635507;-1.5017675810644713
-2.788979906643138;-3.9027950448698956;-7.9710200933568025;-1.6172049551301075
-2.788979906643138;-3.9027950448698956;-8.011020093356802;-1.6972049551301076
-2.978378192857135;-3.8608297040950985;-7.861621807142805;-1.8191702959049048
-2.978378192857135;-3.8608297040950985;-7.901621807142804;-1.8991702959049048
-3.1733470114410407;-3.8225946351428943;-7.746652988558897;-2.017405364857109
-3.3757432114951973;-3.7834270021968432;-7.58425678850474;-2.1365729978031602
-3.3757432114951973;-3.7834270021968432;-7.624256788504739;-2.2165729978031603
-3.5948510175469024;-3.747989652733664;-7.445148982453032;-2.3320103472663396
-3.5948510175469024;-3.747989652733664;-7.4851489824530315;-2.4120103472663397
-3.8343841173900737;-3.7190802938587035;-7.28561588260986;-2.5209197061413002
-3.8343841173900737;-3.7190802938587035;-7.325615882609859;-2.6009197061413003
-4.081344588977814;-3.699496617185282;-7.118655411022118;-2.700503382814722
-4.081344588977814;-3.699496617185282;-7.158655411022117;-2.780503382814722
-4.332018747454676;-3.684575781034073;-6.9479812525452544;-2.875424218965931
-4.332018747454676;-3.684575781034073;-6.987981252545254;-2.955424218965931
-4.586406592434902;-3.6733852182496727;-6.773593407565026;-3.0466147817503315
-4.586406592434902;-3.6733852182496727;-6.813593407565025;-3.1266147817503316
-4.840794423630678;-3.6771157427059684;-6.599205576369249;-3.202884257294036
-5.091468564486338;-3.6799136957092458;-6.388531435513587;-3.2800863042907586
-5.091468564486338;-3.6799136957092458;-6.4285314355135865;-3.3600863042907587
-5.091468564486338;-3.6799136957092458;-6.468531435513586;-3.440086304290759
-5.342142705464993;-3.6799139445678035;-6.25785729453493;-3.520086055432201
-5.58910315133553;-3.6864421674721175;-6.050896848664393;-3.593557832527887
-5.58910315133553;-3.6864421674721175;-6.090896848664392;-3.6735578325278873
-5.821208825085185;-3.7013634908295687;-5.898791174914736;-3.738636509170436
-5.821208825085185;-3.7013634908295687;-5.938791174914735;-3.818636509170436
-6.05145764650846;-3.7218802241884807;-5.748542353491459;-3.8781197758115242
-6.287277002746838;-3.745194670935504;-5.55272299725308;-3.934805329064501
-6.287277002746838;-3.745194670935504;-5.592722997253079;-4.014805329064501
-6.287277002746838;-3.745194670935504;-5.632722997253079;-4.094805329064501
-6.521239506594005;-3.7731719610727357;-5.43876049340591;-4.14682803892727
-6.751488313918306;-3.807677230347454;-5.248511686081609;-4.192322769652551
-6.751488313918306;-3.807677230347454;-5.288511686081608;-4.272322769652551
-6.979880267083627;-3.8487104821894724;-5.100119732916286;-4.311289517810533
-6.979880267083627;-3.8487104821894724;-5.140119732916285;-4.391289517810533
-7.204558527631954;-3.8916088722902664;-4.955441472367958;-4.428391127709739
-7.204558527631954;-3.8916088722902664;-4.995441472367957;-4.508391127709739
-7.432950479351071;-3.934507271562806;-4.807049520648839;-4.5454927284372
-7.432950479351071;-3.934507271562806;-4.847049520648838;-4.6254927284372
-7.659485579499011;-3.9820685177714474;-4.660514420500897;-4.657931482228559
-7.659485579499011;-3.9820685177714474;-4.700514420500896;-4.737931482228559
-7.876736446345494;-4.034292603716801;-4.523263553654412;-4.765707396283205
-8.08098938143235;-4.096774938815616;-4.359010618567556;-4.78322506118439
-8.08098938143235;-4.096774938815616;-4.399010618567555;-4.86322506118439
-8.275958078606783;-4.168582959253989;-4.244041921393121;-4.871417040746017
-8.275958078606783;-4.168582959253989;-4.28404192139312;-4.951417040746017
-8.461642543009166;-4.244121252388053;-4.138357456990736;-4.955878747611953
-8.461642543009166;-4.244121252388053;-4.178357456990735;-5.035878747611953
-8.639899618733716;-4.322457251514926;-4.040100381266184;-5.03754274848508
-8.639899618733716;-4.322457251514926;-4.080100381266183;-5.11754274848508
-8.812586149649757;-4.408253803577273;-3.9474138503501415;-5.111746196422733
-8.812586149649757;-4.408253803577273;-3.9874138503501406;-5.191746196422733
-8.975988432319143;-4.5080388886309715;-3.8640115676807536;-5.171961111369035
-8.975988432319143;-4.5080388886309715;-3.9040115676807527;-5.251961111369035
-9.124535939723504;-4.616217085894874;-3.795464060276391;-5.223782914105133
-9.258228670477653;-4.730923256874872;-3.7017713295222414;-5.189076743125135
-9.258228670477653;-4.730923256874872;-3.7417713295222406;-5.269076743125135
-9.373352937768853;-4.850292257710853;-3.666647062231039;-5.229707742289154
-9.373352937768853;-4.850292257710853;-3.7066470622310383;-5.309707742289154
-9.47547928109085;-4.968728679469674;-3.6445207189090407;-5.271271320530333
-9.47547928109085;-4.968728679469674;-3.68452071890904;-5.3512713205303335
-9.555323468907764;-5.093693061318591;-3.6446765310921254;-5.306306938681416
-9.616599187294552;-5.224252838286586;-3.623400812705336;-5.255747161713422
-9.616599187294552;-5.224252838286586;-3.6634008127053352;-5.335747161713422
-9.672304372644419;-5.350149765057029;-3.6476956273554677;-5.289850234942978
-9.672304372644419;-5.350149765057029;-3.687695627355467;-5.369850234942978
-9.720582177162017;-5.4723164073555655;-3.679417822837868;-5.327683592644442
-9.720582177162017;-5.4723164073555655;-3.719417822837867;-5.407683592644442
-9.759575735513721;-5.603808731839811;-3.7204242644861623;-5.356191268160197
-9.759575735513721;-5.603808731839811;-3.7604242644861614;-5.436191268160197
-9.792998742552529;-5.742761604674229;-3.767001257447353;-5.377238395325779
-9.81899435533265;-5.8854447453641265;-3.78100564466723;-5.314555254635882
-9.81899435533265;-5.8854447453641265;-3.8210056446672294;-5.394555254635882
-9.81899435533265;-5.8854447453641265;-3.8610056446672285;-5.474555254635882
-9.852417337583036;-6.032790746468958;-3.867582662416842;-5.40720925353105
-9.893267682115466;-6.187597316948727;-3.866732317884411;-5.332402683051281
-9.893267682115466;-6.187597316948727;-3.90673231788441;-5.4124026830512815
-9.930404310114872;-6.35452728571312;-3.9095956898850037;-5.325472714286889
-9.930404310114872;-6.35452728571312;-3.949595689885003;-5.405472714286889
-9.967540920947416;-6.527052673645776;-3.952459079052458;-5.312947326354233
-9.967540920947416;-6.527052673645776;-3.9924590790524572;-5.392947326354233
-10.006534351873658;-6.707971192505741;-3.9934656481262145;-5.292028807494268
-10.006534351873658;-6.707971192505741;-4.033465648126214;-5.372028807494268
-10.043670914755028;-6.897282835606623;-4.036329085244843;-5.262717164393386
-10.086378005063766;-7.085661923963828;-4.033621994936103;-5.154338076036181
-10.086378005063766;-7.085661923963828;-4.0736219949361026;-5.234338076036181
-10.127228226464778;-7.281501567659706;-4.07277177353509;-5.118498432340303
-10.127228226464778;-7.281501567659706;-4.112771773535089;-5.198498432340303
-10.164364722282498;-7.489464610164442;-4.115635277717368;-5.070535389835567
-10.164364722282498;-7.489464610164442;-4.1556352777173675;-5.150535389835567
-10.201501203157234;-7.698360226206832;-4.158498796842631;-5.0216397737931775
-10.201501203157234;-7.698360226206832;-4.19849879684263;-5.101639773793178
-10.249778718927246;-7.920311841711007;-4.190221281072617;-4.959688158289002
-10.298056187303635;-8.157184573431763;-4.181943812696227;-4.802815426568246
-10.298056187303635;-8.157184573431763;-4.221943812696226;-4.882815426568246
-10.346333621899957;-8.402450436092694;-4.213666378099903;-4.7175495639073155
-10.346333621899957;-8.402450436092694;-4.2536663780999024;-4.797549563907316
-10.346333621899957;-8.402450436092694;-4.293666378099902;-4.877549563907316
-10.394611025324194;-8.654244291088624;-4.285388974675664;-4.705755708911386
-10.441031555407486;-8.910700995472814;-4.278968444592371;-4.529299004527196
-10.441031555407486;-8.910700995472814;-4.31896844459237;-4.609299004527196
-10.493022596255047;-9.169955428161774;-4.306977403744808;-4.430044571838236
-10.493022596255047;-9.169955428161774;-4.346977403744807;-4.510044571838236
-10.548727332352723;-9.419884183166685;-4.331272667647131;-4.340115816833325
-10.602575230539722;-9.661419815533334;-4.31742476946013;-4.178580184466677
-10.602575230539722;-9.661419815533334;-4.357424769460129;-4.258580184466677
-10.663850489783538;-9.904820613799549;-4.336149510216313;-4.095179386200462
-10.663850489783538;-9.904820613799549;-4.376149510216312;-4.175179386200462
-10.721412048330329;-10.145423701193609;-4.35858795166952;-4.014576298806402
-10.721412048330329;-10.145423701193609;-4.398587951669519;-4.094576298806402
-10.771546226934824;-10.380431358127867;-4.388453773065024;-3.9395686418721443
-10.771546226934824;-10.380431358127867;-4.428453773065023;-4.019568641872144
-10.819823561069683;-10.608911029421023;-4.420176438930163;-3.871088970578988
-10.819823561069683;-10.608911029421023;-4.460176438930162;-3.9510889705789882
-10.866244057148506;-10.830862714511118;-4.453755942851338;-3.8091372854888927
-10.921948768854689;-11.051881863266596;-4.438051231145154;-3.6681181367334155
-10.921948768854689;-11.051881863266596;-4.4780512311451535;-3.7481181367334155
-10.97951030195352;-11.276631302546011;-4.460489698046322;-3.603368697454
-10.97951030195352;-11.276631302546011;-4.500489698046321;-3.683368697454
-11.033358133881308;-11.500448167586157;-4.486641866118532;-3.5395518324138546
-11.033358133881308;-11.500448167586157;-4.526641866118531;-3.6195518324138547
-11.09091964842635;-11.722399911671754;-4.509080351573488;-3.4776000883282574
-11.09091964842635;-11.722399911671754;-4.549080351573487;-3.5576000883282575
-11.141053757290935;-11.947149347963162;-4.538946242708901;-3.41285065203685
-11.141053757290935;-11.947149347963162;-4.5789462427089;-3.49285065203685
-11.189331018696963;-12.169101075019816;-4.570668981302871;-3.3508989249801964
-11.189331018696963;-12.169101075019816;-4.6106689813028705;-3.4308989249801964
-11.241321985302836;-12.382659693661052;-4.598678014696997;-3.2973403063389597
-11.297026674009286;-12.583162355506525;-4.582973325990546;-3.176837644493487
-11.297026674009286;-12.583162355506525;-4.622973325990545;-3.256837644493487
-11.297026674009286;-12.583162355506525;-4.662973325990544;-3.336837644493487
-11.354588230961733;-12.774339333356206;-4.6454117690380965;-3.2256606666438046
-11.417720355883853;-12.953392930637861;-4.6222796441159755;-3.126607069362148
-11.417720355883853;-12.953392930637861;-4.662279644115975;-3.2066070693621462
-11.48642303872596;-13.124053426462;-4.633576961273867;-3.1159465735380056
-11.48642303872596;-13.124053426462;-4.6735769612738665;-3.195946573538004
-11.56069626253112;-13.29098366955212;-4.639303737468705;-3.109016330447883
-11.6442537191284;-13.454183674032869;-4.595746280871424;-3.0258163259671313
-11.6442537191284;-13.454183674032869;-4.635746280871423;-3.1058163259671296
-11.6442537191284;-13.454183674032869;-4.675746280871422;-3.185816325967128
-11.738952253628183;-13.614586017841106;-4.621047746371639;-3.1054139821588898
-11.839221358475312;-13.763797552905322;-4.560778641524509;-3.036202447094672
-11.839221358475312;-13.763797552905322;-4.600778641524508;-3.11620244709467
-11.948774712789637;-13.905548572287437;-4.531225287210182;-3.0544514277125536
-11.948774712789637;-13.905548572287437;-4.571225287210181;-3.134451427712552
-12.056471212952191;-14.048232162962274;-4.503528787047626;-3.0717678370377133
-12.056471212952191;-14.048232162962274;-4.5435287870476255;-3.1517678370377116
-12.158597192784356;-14.185320321372025;-4.48140280721546;-3.0946796786279585
-12.158597192784356;-14.185320321372025;-4.521402807215459;-3.1746796786279567
-12.26258008176826;-14.304689666404931;-4.457419918231555;-3.135310333595049
-12.366563005926247;-14.413800748956508;-4.393436994073566;-3.1061992510434706
-12.366563005926247;-14.413800748956508;-4.433436994073565;-3.186199251043469
-12.466832268061172;-14.514518693528409;-4.37316773193864;-3.165481306471566
-12.466832268061172;-14.514518693528409;-4.413167731938639;-3.2454813064715644
-12.568958410549218;-14.605910950980547;-4.351041589450592;-3.234089049019424
-12.568958410549218;-14.605910950980547;-4.391041589450591;-3.3140890490194224
-12.674798232654734;-14.70010093854031;-4.325201767345074;-3.2998990614596586
-12.674798232654734;-14.70010093854031;-4.365201767345074;-3.379899061459657
-12.674798232654734;-14.70010093854031;-4.405201767345073;-3.459899061459655
-12.905046300554517;-14.893143854363116;-4.214953699445289;-3.3468561456368473
-12.905046300554517;-14.893143854363116;-4.254953699445288;-3.4268561456368456
-13.027597685485812;-14.996659626973692;-4.172402314513992;-3.4033403730262677
-13.027597685485812;-14.996659626973692;-4.212402314513991;-3.483340373026266
-13.027597685485812;-14.996659626973692;-4.25240231451399;-3.5633403730262643
-13.15014905584043;-15.10297311679438;-4.169850944159371;-3.5370268832055736
-13.281984646596008;-15.21021922202193;-4.078015353403792;-3.5097807779780226
-13.281984646596008;-15.21021922202193;-4.118015353403791;-3.589780777978021
-13.424961317986254;-15.314667670271646;-4.015038682013545;-3.565332329728303
-13.424961317986254;-15.314667670271646;-4.055038682013544;-3.6453323297283013
-13.573508526910492;-15.41818357961031;-3.9464914730893046;-3.621816420389635
-13.722055716553806;-15.525429778312963;-3.8379442834459905;-3.594570221686981
-13.722055716553806;-15.525429778312963;-3.8779442834459896;-3.674570221686979
-13.722055716553806;-15.525429778312963;-3.9179442834459888;-3.7545702216869774
-13.876173433837554;-15.634541149602134;-3.8038265661622397;-3.725458850397805
-13.876173433837554;-15.634541149602134;-3.843826566162239;-3.8054588503978035
-14.030291147329288;-15.74365253006312;-3.7297088526705036;-3.776347469936816
-14.188122555597257;-15.850898794681203;-3.611877444402534;-3.7491012053187305
-14.188122555597257;-15.850898794681203;-3.6518774444025333;-3.8291012053187288
-14.35895185501765;-15.963740546923797;-3.5210481449821387;-3.796259453076134
-14.35895185501765;-15.963740546923797;-3.561048144982138;-3.8762594530761323
-14.537208493989908;-16.085908046541256;-3.4227915060098795;-3.834091953458671
-14.711751379720035;-16.221131528890897;-3.2882486202797523;-3.7788684711090283
-14.711751379720035;-16.221131528890897;-3.3282486202797514;-3.8588684711090266
-14.711751379720035;-16.221131528890897;-3.3682486202797506;-3.938868471109025
-14.875153100276773;-16.375938956494785;-3.2448468997230115;-3.864061043505135
-14.875153100276773;-16.375938956494785;-3.2848468997230107;-3.9440610435051333
-15.044125344156358;-16.53261156371148;-3.1558746558434247;-3.8673884362884365
-15.21681128288892;-16.686486490040988;-3.0231887171108625;-3.7935135099589274
-15.21681128288892;-16.686486490040988;-3.0631887171108616;-3.8735135099589257
-15.389497237038197;-16.83569857739737;-2.9305027629615825;-3.804301422602542
-15.389497237038197;-16.83569857739737;-2.9705027629615817;-3.8843014226025403
-15.562183173827624;-16.987708390678144;-2.837816826172155;-3.8122916093217647
-15.562183173827624;-16.987708390678144;-2.877816826172154;-3.892291609321763
-15.729298527207694;-17.148111329390527;-2.750701472792082;-3.8118886706093775
-15.729298527207694;-17.148111329390527;-2.7907014727920814;-3.891888670609376
-15.892700143566177;-17.3169074027146;-2.6672998564335977;-3.8030925972853
-15.892700143566177;-17.3169074027146;-2.707299856433597;-3.883092597285298
-16.05795859480005;-17.48663607028471;-2.5820414051997247;-3.7933639297151878
-16.219503349527386;-17.655432164485042;-2.460496650472386;-3.7045678355148546
-16.219503349527386;-17.655432164485042;-2.5004966504723853;-3.784567835514853
-16.219503349527386;-17.655432164485042;-2.5404966504723845;-3.864567835514851
-16.538879201690158;-17.98183352727028;-2.261120798309612;-3.6181664727296123
-16.538879201690158;-17.98183352727028;-2.3011207983096114;-3.6981664727296106
-16.538879201690158;-17.98183352727028;-2.3411207983096105;-3.778166472729609
-16.691139704972585;-18.151562190452562;-2.2288602950271823;-3.688437809547324
-16.839686502046963;-18.322223420312874;-2.1203134979528038;-3.597776579687011
-16.839686502046963;-18.322223420312874;-2.160313497952803;-3.677776579687009
-16.984519624542806;-18.488221789844793;-2.055480375456959;-3.5917782101550877
-16.984519624542806;-18.488221789844793;-2.095480375456958;-3.671778210155086
-17.116354807089532;-18.657017820308667;-2.0036451929102306;-3.5829821796912107
-17.116354807089532;-18.657017820308667;-2.0436451929102297;-3.662982179691209
-17.244476300469078;-18.82394870167855;-1.9555236995306835;-3.5760512983213246
-17.244476300469078;-18.82394870167855;-1.9955236995306826;-3.656051298321323
-17.37074095446268;-18.98808187140045;-1.9092590455370804;-3.571918128599421
-17.49329189293792;-19.155945318240725;-1.8267081070618403;-3.484054681759144
-17.49329189293792;-19.155945318240725;-1.8667081070618394;-3.564054681759142
-17.606558575062646;-19.327539012402546;-1.793441424937111;-3.4724609875973194
-17.606558575062646;-19.327539012402546;-1.83344142493711;-3.5524609875973177
-17.712397857786545;-19.50099782061614;-1.7676021422132102;-3.459002179383724
-17.712397857786545;-19.50099782061614;-1.8076021422132094;-3.539002179383722
-17.818237163118937;-19.668861211068474;-1.7417628368808167;-3.4511387889313845
-17.818237163118937;-19.668861211068474;-1.7817628368808158;-3.5311387889313828
-17.91850593823765;-19.83392686720381;-1.721494061762101;-3.4460731327960445
-17.91850593823765;-19.83392686720381;-1.7614940617621002;-3.526073132796043
-18.009490480006644;-19.99899248215956;-1.7105095199931064;-3.4410075178402906
-18.09490447201148;-20.16499064629766;-1.6650955279882709;-3.35500935370219
-18.09490447201148;-20.16499064629766;-1.70509552798827;-3.4350093537021884
-18.17660476520914;-20.3309887978159;-1.663395234790606;-3.3490112021839487
-18.17660476520914;-20.3309887978159;-1.7033952347906052;-3.429011202183947
-18.254591395990467;-20.490458936091457;-1.6654086040092793;-3.3495410639083865
-18.254591395990467;-20.490458936091457;-1.7054086040092784;-3.4295410639083848
-18.328864341381156;-20.64806391758487;-1.6711356586185886;-3.3519360824149693
-18.328864341381156;-20.64806391758487;-1.7111356586185877;-3.4319360824149676
-18.397566714368196;-20.810331731357966;-1.6824332856315465;-3.349668268641871
-18.397566714368196;-20.810331731357966;-1.7224332856315456;-3.429668268641869
-18.46626906626683;-20.97539726558617;-1.6937309337329118;-3.3446027344136624
-18.46626906626683;-20.97539726558617;-1.733730933732911;-3.4246027344136607
-18.53497141520552;-21.13953023439585;-1.7050285847942206;-3.340469765603981
-18.53497141520552;-21.13953023439585;-1.7450285847942197;-3.420469765603979
-18.599960061280825;-21.304595759477962;-1.7200399387189123;-3.3354042405218642
-18.599960061280825;-21.304595759477962;-1.7600399387189114;-3.4154042405218625
-18.66866237473871;-21.4724590264293;-1.7313376252610269;-3.3275409735705246
-18.66866237473871;-21.4724590264293;-1.771337625261026;-3.407540973570523
-18.735507764212173;-21.65244571841637;-1.7444922357875612;-3.3075542815834496
-18.735507764212173;-21.65244571841637;-1.7844922357875603;-3.387554281583448
-18.804209964185752;-21.837095285826734;-1.7557900358139804;-3.282904714173082
-18.87476903218954;-22.016149441654186;-1.725230967810191;-3.183850558345629
-18.87476903218954;-22.016149441654186;-1.76523096781019;-3.263850558345627
-18.95275547391192;-22.19520364878874;-1.7272445260878087;-3.16479635121107
-18.95275547391192;-22.19520364878874;-1.7672445260878078;-3.2447963512110682
-19.030741900311288;-22.375190434979125;-1.7292580996884404;-3.144809565020683
-19.030741900311288;-22.375190434979125;-1.7692580996884395;-3.2248095650206814
-19.106871456627278;-22.55797493229907;-1.7331285433724481;-3.122025067700733
-19.18485782578969;-22.744489735113934;-1.6951421742100372;-3.0155102648858687
-19.18485782578969;-22.744489735113934;-1.7351421742100364;-3.095510264885867
-19.18485782578969;-22.744489735113934;-1.7751421742100355;-3.1755102648858653
-19.26098731709034;-22.934734821066765;-1.739012682909383;-3.065265178933032
-19.338973650722842;-23.124047354549173;-1.70102634927688;-2.9559526454506226
-19.338973650722842;-23.124047354549173;-1.7410263492768792;-3.035952645450621
-19.41695997443077;-23.313359896049608;-1.7030400255689493;-2.9266401039501844
-19.500516824434218;-23.502672480990817;-1.6594831755655015;-2.8173275190089733
-19.500516824434218;-23.502672480990817;-1.6994831755655007;-2.8973275190089716
-19.578503098004227;-23.69664789743215;-1.6614969019954913;-2.783352102567637
-19.578503098004227;-23.69664789743215;-1.7014969019954904;-2.863352102567635
-19.652775658486156;-23.89248844172124;-1.6672243415135597;-2.7475115582785428
-19.652775658486156;-23.89248844172124;-1.7072243415135588;-2.827511558278541
-19.72333457438197;-24.079935823495813;-1.6766654256177453;-2.7200641765039677
-19.72333457438197;-24.079935823495813;-1.7166654256177445;-2.800064176503966
-19.790179782062566;-24.268315759934815;-1.6898202179371467;-2.691684240064962
-19.790179782062566;-24.268315759934815;-1.7298202179371458;-2.7716842400649604
-19.85145443102063;-24.45856081009523;-1.7085455689790798;-2.661439189904545
-19.912729089064186;-24.646008151187893;-1.6872709109355242;-2.5539918488118794
-19.912729089064186;-24.646008151187893;-1.7272709109355233;-2.6339918488118776
-19.966576356151542;-24.833455448576196;-1.7134236438481665;-2.526544551423573
-19.966576356151542;-24.833455448576196;-1.7534236438481656;-2.606544551423571
-20.020423595426962;-25.023700467064867;-1.7395764045727447;-2.4962995329348985
-20.020423595426962;-25.023700467064867;-1.7795764045727438;-2.5762995329348968
-20.020423595426962;-25.023700467064867;-1.819576404572743;-2.656299532934895
-20.074270805093732;-25.216743206567287;-1.8057291949059717;-2.543256793432473
-20.12254746116927;-25.41071848537733;-1.7974525388304343;-2.429281514622428
-20.12254746116927;-25.41071848537733;-1.8374525388304335;-2.509281514622426
-20.170824133885308;-25.600963481624234;-1.8291758661143938;-2.399036518375521
-20.170824133885308;-25.600963481624234;-1.869175866114393;-2.479036518375519
-20.222814539809423;-25.78374793354811;-1.8571854601902764;-2.3762520664516416
-20.272948078133794;-25.968397521522583;-1.847051921865905;-2.271602478477167
-20.272948078133794;-25.968397521522583;-1.887051921865904;-2.351602478477165
-20.272948078133794;-25.968397521522583;-1.9270519218659032;-2.4316024784771635
-20.313797385346202;-26.152114476940497;-1.9262026146534943;-2.3278855230592477
-20.35278984685245;-26.334898851243263;-1.9272101531472465;-2.2251011487564796
-20.35278984685245;-26.334898851243263;-1.9672101531472457;-2.305101148756478
-20.39363916333467;-26.5148855268855;-1.9663608366650251;-2.2051144731142394
-20.39363916333467;-26.5148855268855;-2.0063608366650243;-2.2851144731142377
-20.436345336484898;-26.692074503898287;-2.0036546635147943;-2.1879254961014496
-20.48090834011278;-26.870196070575126;-1.9990916598869113;-2.0898039294246082
-20.48090834011278;-26.870196070575126;-2.0390916598869104;-2.1698039294246065
-20.48090834011278;-26.870196070575126;-2.0790916598869096;-2.249803929424605
-20.529184999103066;-27.052047956578967;-2.070815000896623;-2.147952043420762
-20.5793184730963;-27.23669757680451;-2.0606815269033874;-2.043302423195218
-20.5793184730963;-27.23669757680451;-2.1006815269033865;-2.1233024231952164
-20.627595086756628;-27.422279760302636;-2.092404913243058;-2.0177202396970877
-20.627595086756628;-27.422279760302636;-2.1324049132430574;-2.097720239697086
-20.674014846189134;-27.607861934919477;-2.12598515381055;-1.992138065080244
-20.674014846189134;-27.607861934919477;-2.1659851538105492;-2.0721380650802423
-20.726005180446993;-27.786916151611212;-2.1539948195526897;-1.9730838483885051
-20.77985243480275;-27.954779522945966;-2.1401475651969335;-1.8852204770537497
-20.77985243480275;-27.954779522945966;-2.1801475651969326;-1.965220477053748
-20.83369970536811;-28.119845183164028;-2.1663002946315686;-1.8801548168356845
-20.83369970536811;-28.119845183164028;-2.2063002946315677;-1.9601548168356828
-20.891260665565948;-28.283978304185112;-2.1887393344337305;-1.8760216958145968
-20.891260665565948;-28.283978304185112;-2.2287393344337296;-1.956021695814595
-20.94882165393674;-28.44344856989945;-2.211178346062937;-1.8765514301002568
-20.94882165393674;-28.44344856989945;-2.251178346062936;-1.9565514301002551
-21.006382614353434;-28.605716556887383;-2.233617385646241;-1.8742834431123185
-21.006382614353434;-28.605716556887383;-2.27361738564624;-1.9542834431123168
-21.069514068322952;-28.77264745299735;-2.250485931676721;-1.8673525470023478
-21.13078863893844;-28.943308628571735;-2.229211361061232;-1.7766913714279617
-21.13078863893844;-28.943308628571735;-2.269211361061231;-1.85669137142796
-21.13078863893844;-28.943308628571735;-2.30921136106123;-1.9366913714279583
-21.184635828633134;-29.113037179313743;-2.2953641713665363;-1.846962820685949
-21.242196713754616;-29.280900619907577;-2.277803286245053;-1.7590993800921133
-21.242196713754616;-29.280900619907577;-2.317803286245052;-1.8390993800921116
-21.301614445981002;-29.4478315085851;-2.2983855540186653;-1.7521684914145865
-21.301614445981002;-29.4478315085851;-2.3383855540186644;-1.8321684914145848
-21.359175324868858;-29.614762387611737;-2.320824675130808;-1.745237612387946
-21.359175324868858;-29.614762387611737;-2.3608246751308073;-1.8252376123879444
-21.409308853009026;-29.77703035103378;-2.3506911469906377;-1.7429696489659001
-21.409308853009026;-29.77703035103378;-2.390691146990637;-1.8229696489658984
-21.45387188125951;-29.933702840851467;-2.386128118740153;-1.7462971591482095
-21.49657805130004;-30.091307891342;-2.3834219486996204;-1.6686921086576731
-21.49657805130004;-30.091307891342;-2.4234219486996196;-1.7486921086576714
-21.539284188856143;-30.25171066218443;-2.4207158111435163;-1.6682893378152421
-21.539284188856143;-30.25171066218443;-2.4607158111435155;-1.7482893378152404
-21.58199030052818;-30.414911153413158;-2.4580096994714786;-1.6650888465865137
-21.58199030052818;-30.414911153413158;-2.4980096994714778;-1.745088846586512
-21.628410039813758;-30.584639685103657;-2.491589960185898;-1.6553603148960114
-21.628410039813758;-30.584639685103657;-2.5315899601858973;-1.7353603148960097
-21.67668658460868;-30.758098525218685;-2.523313415390973;-1.6419014747809797
-21.724963092528125;-30.93528765912547;-2.5150369074715293;-1.5447123408741916
-21.724963092528125;-30.93528765912547;-2.5550369074715285;-1.62471234087419
-21.724963092528125;-30.93528765912547;-2.5950369074715276;-1.7047123408741882
-21.771382713415015;-31.11620707103413;-2.588617286584636;-1.6037929289655288
-21.819659194879545;-31.294328786521035;-2.5803408051201053;-1.505671213478621
-21.819659194879545;-31.294328786521035;-2.6203408051201045;-1.5856712134786193
-21.871649383037155;-31.469652821088456;-2.6083506169624933;-1.4903471789111968
-21.871649383037155;-31.469652821088456;-2.6483506169624924;-1.5703471789111951
-21.921782734366232;-31.64311170013358;-2.638217265633415;-1.4768882998660686
-21.921782734366232;-31.64311170013358;-2.678217265633414;-1.556888299866067
-21.968202400390737;-31.814705407270157;-2.671797599608908;-1.4652945927294887
-21.968202400390737;-31.814705407270157;-2.711797599608907;-1.545294592729487
-22.01276520651325;-31.9872316750485;-2.7072347934863927;-1.452768324951144
-22.055471134465392;-32.162555647905236;-2.7045288655342503;-1.3574443520944044
-22.055471134465392;-32.162555647905236;-2.7445288655342495;-1.4374443520944027
-22.107461298254712;-32.336014561204;-2.7325387017449287;-1.3439854387956345
-22.107461298254712;-32.336014561204;-2.772538701744928;-1.4239854387956328
-22.163165119862256;-32.512271228934274;-2.756834880137383;-1.3277287710653596
-22.163165119862256;-32.512271228934274;-2.796834880137382;-1.4077287710653579
-22.22072576101794;-32.69039306324886;-2.7792742389816993;-1.3096069367507681
-22.22072576101794;-32.69039306324886;-2.8192742389816985;-1.3896069367507664
-22.283856930270794;-32.86851495253585;-2.796143069728842;-1.2914850474637802
-22.343274384733874;-33.04850195968481;-2.776725615265761;-1.191498040314812
-22.343274384733874;-33.04850195968481;-2.81672561526576;-1.2714980403148104
-22.40454871695921;-33.22382612689046;-2.795451283040425;-1.176173873109164
-22.40454871695921;-33.22382612689046;-2.835451283040424;-1.2561738731091623
-22.40454871695921;-33.22382612689046;-2.875451283040423;-1.3361738731091606
-22.46767997089643;-33.38982459195737;-2.8523200291032005;-1.2501754080422458
-22.528954379901943;-33.55489047333716;-2.8310456200976866;-1.1651095266624552
-22.528954379901943;-33.55489047333716;-2.8710456200976857;-1.2451095266624534
-22.58837194428566;-33.71902377094653;-2.8516280557139666;-1.1609762290530838
-22.58837194428566;-33.71902377094653;-2.8916280557139658;-1.2409762290530821
-22.64407581127891;-33.88315703977686;-2.8759241887207168;-1.1568429602227468
-22.696065961103884;-34.049155424580185;-2.863934038895742;-1.0708445754194216
-22.696065961103884;-34.049155424580185;-2.9039340388957413;-1.1508445754194199
-22.696065961103884;-34.049155424580185;-2.9439340388957405;-1.2308445754194182
-22.74805610673227;-34.21515381386228;-2.931943893267352;-1.1448461861373218
-22.805616778002936;-34.381152259544905;-2.9143832219966868;-1.058847740454695
-22.805616778002936;-34.381152259544905;-2.954383221996686;-1.1388477404546933
-22.861320598058033;-34.54715069297689;-2.938679401941588;-1.0528493070227043
-22.861320598058033;-34.54715069297689;-2.978679401941587;-1.1328493070227026
-22.913310693895127;-34.71594681452912;-2.9666893061044917;-1.0440531854704744
-22.913310693895127;-34.71594681452912;-3.006689306104491;-1.1240531854704727
-22.961587089402613;-34.884742905985235;-2.998412910597004;-1.035257094014355
-22.961587089402613;-34.884742905985235;-3.0384129105970032;-1.1152570940143534
-23.008006617140772;-35.05540412917314;-3.0319933828588432;-1.0245958708264453
-23.048855553006057;-35.230728166926966;-3.031144446993558;-0.9292718330726188
-23.048855553006057;-35.230728166926966;-3.071144446993557;-1.0092718330726171
-23.048855553006057;-35.230728166926966;-3.1111444469935563;-1.0892718330726154
-23.0915613020342;-35.40884994401535;-3.1084386979654113;-0.9911500559842281
-23.139837575774003;-35.586971778873554;-3.1001624242256085;-0.8930282211260234
-23.139837575774003;-35.586971778873554;-3.1401624242256077;-0.9730282211260217
-23.18997067017074;-35.76695878140438;-3.1300293298288686;-0.8730412185951977
-23.18997067017074;-35.76695878140438;-3.1700293298288678;-0.953041218595196
-23.245674265169775;-35.949743560923025;-3.1543257348298326;-0.8502564390765457
-23.299520961398574;-36.13719119132599;-3.1404790386010326;-0.7428088086735798
-23.299520961398574;-36.13719119132599;-3.1804790386010318;-0.8228088086735781
-23.299520961398574;-36.13719119132599;-3.220479038601031;-0.9028088086735764
-23.357081346344206;-36.323706290625445;-3.2029186536553986;-0.7962937093741189
-23.418355395139173;-36.51208657800833;-3.1816446048604305;-0.6879134219912331
-23.418355395139173;-36.51208657800833;-3.2216446048604297;-0.7679134219912314
-23.47405890578496;-36.69953424358332;-3.2059410942146407;-0.6604657564162366
-23.47405890578496;-36.69953424358332;-3.24594109421464;-0.7404657564162349
-23.527905599971568;-36.88325160534475;-3.232094400028032;-0.636748394654802
-23.527905599971568;-36.88325160534475;-3.272094400028031;-0.7167483946548003
-23.579895459026993;-37.065103808384464;-3.2601045409726055;-0.6148961916150881
-23.63188531803332;-37.246023443950065;-3.2481146819662783;-0.5139765560494851
-23.63188531803332;-37.246023443950065;-3.2881146819662774;-0.5939765560494834
-23.689445721284663;-37.42507799513984;-3.2705542787149327;-0.49492200485970983
-23.689445721284663;-37.42507799513984;-3.310554278714932;-0.5749220048597081
-23.689445721284663;-37.42507799513984;-3.350554278714931;-0.6549220048597064
-23.75257666580569;-37.60320003565019;-3.3274233341939023;-0.5567999643493522
-23.819421280231822;-37.78225469281079;-3.3005787197677705;-0.45774530718875184
-23.819421280231822;-37.78225469281079;-3.3405787197677697;-0.5377453071887501
-23.882552184798705;-37.96224189144729;-3.317447815200886;-0.43775810855224506
-23.882552184798705;-37.96224189144729;-3.357447815200885;-0.5177581085522434
-23.945683073374248;-38.143161668907545;-3.334316926625341;-0.41683833109198787
-23.945683073374248;-38.143161668907545;-3.3743169266253403;-0.49683833109198616
-24.005100260045293;-38.32408141406401;-3.354899739954295;-0.39591858593551876
-24.005100260045293;-38.32408141406401;-3.394899739954294;-0.47591858593551706
-24.066374323497215;-38.50127089304235;-3.373625676502371;-0.37872910695717366
-24.066374323497215;-38.50127089304235;-3.4136256765023703;-0.45872910695717195
-24.12393468681548;-38.67846033891955;-3.3960653131841028;-0.3615396610799735
-24.177781351800665;-38.85564975141128;-3.3822186481989185;-0.26435024858824363
-24.177781351800665;-38.85564975141128;-3.4222186481989176;-0.3443502485882419
-24.177781351800665;-38.85564975141128;-3.462218648198917;-0.4243502485882402
-24.224200595019866;-39.03563680960479;-3.4557994049797145;-0.3243631903947275
-24.270619862723514;-39.21282615338107;-3.4493801372760657;-0.22717384661844164
-24.270619862723514;-39.21282615338107;-3.489380137276065;-0.30717384661843994
-24.326323365650406;-39.38815045455926;-3.4736766343491716;-0.21184954544025203
-24.326323365650406;-39.38815045455926;-3.5136766343491708;-0.2918495454402503
-24.38388371711435;-39.562542207942265;-3.4961162828852252;-0.1974577920572429
-24.38388371711435;-39.562542207942265;-3.5361162828852244;-0.2774577920572412
-24.435873493837583;-39.73973162587421;-3.5241265061619913;-0.18026837412529773
-24.489720078073894;-39.91971878759171;-3.5102799219256795;-0.08028121240779029
-24.489720078073894;-39.91971878759171;-3.5502799219256787;-0.1602812124077886
-24.489720078073894;-39.91971878759171;-3.590279921925678;-0.24028121240778688
-24.534282404246238;-40.101571000130875;-3.5857175957533336;-0.13842899986862278
-24.584415218431488;-40.28715356954879;-3.5755847815680823;-0.03284643045070368
-24.63269114797027;-40.475533842832455;-3.5673088520292993;0.07553384283296083
-24.63269114797027;-40.475533842832455;-3.6073088520292984;-0.004466157167037466
-24.63269114797027;-40.475533842832455;-3.6473088520292976;-0.08446615716703576
-24.67911016029693;-40.669509538673545;-3.6408898397026377;0.02950953867405559
-24.67911016029693;-40.669509538673545;-3.680889839702637;-0.050490461325942704
-24.73109969790253;-40.86348530091875;-3.668900302097036;0.06348530091926108
-24.78865976284438;-41.0574611302921;-3.6513402371551855;0.17746113029261323
-24.78865976284438;-41.0574611302921;-3.6913402371551847;0.09746113029261494
-24.851790343735455;-41.252369600733246;-3.668209656264107;0.21236960073376565
-24.851790343735455;-41.252369600733246;-3.7082096562641063;0.13236960073376736
-24.920491471146327;-41.4454129939803;-3.6795085288532334;0.24541299398082117
-24.920491471146327;-41.4454129939803;-3.7195085288532326;0.16541299398082288
-24.989192557109423;-41.64125411362166;-3.6908074428901365;0.28125411362218955
-24.989192557109423;-41.64125411362166;-3.7308074428901357;0.20125411362219126
-25.054179899901932;-41.84082549116737;-3.7058201000976254;0.32082549116790204
-25.10802612693073;-42.043194468540456;-3.691973873068825;0.44319446854098743
-25.10802612693073;-42.043194468540456;-3.7319738730688243;0.36319446854098913
-25.150731303724466;-42.2427656055846;-3.7292686962750885;0.48276560558513637
-25.150731303724466;-42.2427656055846;-3.7692686962750876;0.4027656055851381
-25.195293334611303;-42.44047162213885;-3.7647066653882497;0.5204716221393895
-25.195293334611303;-42.44047162213885;-3.804706665388249;0.4404716221393912
-25.241712179762047;-42.64004281104218;-3.7982878202375048;0.5600428110427202
-25.241712179762047;-42.64004281104218;-3.838287820237504;0.48004281104272195
-25.288131057568222;-42.835883712237205;-3.8318689424313277;0.5958837122377503
-25.288131057568222;-42.835883712237205;-3.871868942431327;0.515883712237752
-25.33454997796394;-43.02706175237732;-3.86545002203561;0.6270617523778697
-25.382825768127418;-43.2154420993772;-3.857174231872129;0.7354420993777495
-25.382825768127418;-43.2154420993772;-3.8971742318721283;0.6554420993777512
-25.431101515484457;-43.40662017105231;-3.8888984845150887;0.766620171052864
-25.431101515484457;-43.40662017105231;-3.928898484515088;0.6866201710528657
-25.475663495954016;-43.60339364328384;-3.9243365040455274;0.8033936432843944
-25.475663495954016;-43.60339364328384;-3.9643365040455265;0.7233936432843961
-25.507227481413807;-43.805762405918856;-3.972772518585735;0.845762405919416
-25.507227481413807;-43.805762405918856;-4.012772518585734;0.7657624059194177
-25.53136400923031;-44.013726523471306;-4.0286359907692315;0.8937265234718694
-25.54807304137776;-44.23008371396101;-4.051926958621781;1.0300837139615737
-25.54807304137776;-44.23008371396101;-4.09192695862178;0.9500837139615754
-25.57406624367855;-44.45017131095862;-4.105933756320987;1.0901713109591924
-25.57406624367855;-44.45017131095862;-4.145933756320986;1.010171310959194
-25.616771031159324;-44.6711916855668;-4.143228968840212;1.151191685567369
-25.616771031159324;-44.6711916855668;-4.183228968840211;1.0711916855673707
-25.66504634171582;-44.89221213286686;-4.174953658283716;1.2122121328674353
-25.66504634171582;-44.89221213286686;-4.214953658283715;1.132212132867437
-25.728176481062988;-45.1067047537543;-4.191823518936545;1.2667047537548797
-25.80801829906538;-45.31466957331515;-4.151981700934151;1.3946695733157313
-25.80801829906538;-45.31466957331515;-4.19198170093415;1.314669573315733
-25.886003235855263;-45.52449952552738;-4.153996764144267;1.4444995255279665
-25.886003235855263;-45.52449952552738;-4.193996764144266;1.3644995255279682
-25.967701770614077;-45.740857546054556;-4.152298229385451;1.500857546055144
-25.967701770614077;-45.740857546054556;-4.19229822938545;1.4208575460551458
-26.041972818993187;-45.96467607080328;-4.158027181006339;1.5646760708038698
-26.041972818993187;-45.96467607080328;-4.1980271810063385;1.4846760708038715
-26.114386984796408;-46.190359727974624;-4.165613015203117;1.6303597279752182
-26.114386984796408;-46.190359727974624;-4.205613015203117;1.55035972797522
-26.186801172142914;-46.41324567401146;-4.173198827856609;1.6932456740120614
-26.27592715552318;-46.6202780906404;-4.124072844476341;1.820278090640997
-26.27592715552318;-46.6202780906404;-4.16407284447634;1.7402780906409987
-26.387335482999287;-46.81052447689677;-4.092664517000234;1.8505244768973697
-26.387335482999287;-46.81052447689677;-4.132664517000233;1.7705244768973714
-26.513598789953075;-46.98305216676555;-4.046401210046444;1.8630521667661597
-26.513598789953075;-46.98305216676555;-4.086401210046443;1.7830521667661614
-26.64728958958517;-47.146254227713534;-3.9927104104143467;1.866254227714144
-26.64728958958517;-47.146254227713534;-4.032710410414346;1.7862542277141458
-26.773553011999525;-47.30852363197494;-3.946446987999991;1.868523631975556
-26.89238904613064;-47.470792952293415;-3.8676109538688763;1.9507929522940302
-26.89238904613064;-47.470792952293415;-3.9076109538688755;1.8707929522940319
-27.007511465312316;-47.62653421999646;-3.8324885346871973;1.9465342199970763
-27.007511465312316;-47.62653421999646;-3.8724885346871964;1.866534219997078
-27.117063462324364;-47.772949689090844;-3.802936537675148;1.9329496890914655
-27.117063462324364;-47.772949689090844;-3.842936537675147;1.8529496890914672
-27.2266156452511;-47.904443988068564;-3.7733843547484085;1.9044439880691897
-27.2266156452511;-47.904443988068564;-3.8133843547484076;1.8244439880691914
-27.343595472635634;-48.015421770077914;-3.7364045273638737;1.855421770078543
-27.343595472635634;-48.015421770077914;-3.776404527363873;1.7754217700785446
-27.4680029568036;-48.10495045968893;-3.691997043195908;1.7849504596895613
-27.4680029568036;-48.10495045968893;-3.731997043195907;1.704950459689563
-27.59241074134819;-48.17116481164758;-3.6475892586513154;1.691164811648214
-27.59241074134819;-48.17116481164758;-3.6875892586513146;1.6111648116482158
-27.711248316393014;-48.212199603262775;-3.6087516836064886;1.5721996032634138
-27.711248316393014;-48.212199603262775;-3.6487516836064877;1.4921996032634155
-27.830086182129246;-48.23085262585472;-3.5699138178702547;1.4308526258553655
-27.830086182129246;-48.23085262585472;-3.609913817870254;1.3508526258553673
-27.943353740935148;-48.23178667401112;-3.5366462590643515;1.2717866740117643
-28.04919406646627;-48.22152973908843;-3.470805933533228;1.181529739089079
-28.04919406646627;-48.22152973908843;-3.510805933533227;1.1015297390890808
-28.145750161912563;-48.21127268276883;-3.454249838086934;1.01127268276948
-28.145750161912563;-48.21127268276883;-3.494249838086933;0.9312726827694817
-28.223737779919606;-48.20288053235531;-3.456262220079889;0.8428805323559629
-28.223737779919606;-48.20288053235531;-3.4962622200798883;0.7628805323559646
-28.29058432517789;-48.1944882365604;-3.4694156748216045;0.6744882365610607
-28.29058432517789;-48.1944882365604;-3.5094156748216037;0.5944882365610624
-28.35371711851331;-48.19075876195069;-3.486282881486183;0.510758761951351
-28.42427731810096;-48.1851642357659;-3.455722681898532;0.4251642357665659
-28.42427731810096;-48.1851642357659;-3.495722681898531;0.34516423576656763
-28.42427731810096;-48.1851642357659;-3.5357226818985303;0.26516423576656933
-28.500408054247977;-48.17956978187313;-3.4995919457515114;0.1795697818737949
-28.582109412369977;-48.16744738212407;-3.4578905876295103;0.08744738212473635
-28.582109412369977;-48.16744738212407;-3.4978905876295094;0.007447382124738056
-28.6730951655961;-48.14226906624489;-3.4469048344033872;-0.09773093375443409
-28.765937874293527;-48.108697606554614;-3.3940621257059576;-0.21130239344471136
-28.765937874293527;-48.108697606554614;-3.4340621257059567;-0.29130239344470965
-28.856923772944057;-48.07232839886771;-3.383076227055426;-0.40767160113161083
-28.856923772944057;-48.07232839886771;-3.423076227055425;-0.4876716011316091
-28.94790965993184;-48.0368917636057;-3.37209034006764;-0.6031082363936164
-28.94790965993184;-48.0368917636057;-3.412090340067639;-0.6831082363936147
-29.03703867458683;-48.00332025080376;-3.3629613254126483;-0.7966797491955546
-29.03703867458683;-48.00332025080376;-3.4029613254126474;-0.8766797491955529
-29.12431077414965;-47.97534415721104;-3.3556892258498294;-0.9846558427882712
-29.217153372984036;-47.950165856935236;-3.302846627015441;-1.0898341430640741
-29.217153372984036;-47.950165856935236;-3.34284662701544;-1.1698341430640724
-29.31928011228709;-47.93151569458667;-3.2807198877123867;-1.2684843054126347
-29.31928011228709;-47.93151569458667;-3.320719887712386;-1.348484305412633
-29.31928011228709;-47.93151569458667;-3.360719887712385;-1.4284843054126313
-29.428834173820754;-47.91752849843377;-3.2911658261787196;-1.5224715015655335
-29.55138614366504;-47.90447404376618;-3.2086138563344306;-1.615525956233121
-29.55138614366504;-47.90447404376618;-3.24861385633443;-1.6955259562331193
-29.68879294540632;-47.885824334648795;-3.1512070545931508;-1.794175665350501
-29.68879294540632;-47.885824334648795;-3.19120705459315;-1.8741756653504993
-29.83548408618037;-47.85878157508497;-3.0845159138191;-1.9812184249143243
-29.985888999806548;-47.825210840745314;-2.97411100019292;-2.0947891592539776
-29.985888999806548;-47.825210840745314;-3.014111000192919;-2.174789159253976
-30.14186451075303;-47.78697730357235;-2.8981354892464353;-2.293022696426938
-30.14186451075303;-47.78697730357235;-2.9381354892464344;-2.3730226964269363
-30.301553723507674;-47.74781123679947;-2.818446276491791;-2.492188763199813
-30.301553723507674;-47.74781123679947;-2.85844627649179;-2.5721887631998115
-30.301553723507674;-47.74781123679947;-2.8984462764917893;-2.65218876319981
-30.459386053685492;-47.711442865916574;-2.78061394631397;-2.7685571340827053
-30.619075134412;-47.68253511211108;-2.660924865587461;-2.8774648878881948
-30.619075134412;-47.68253511211108;-2.70092486558746;-2.957464887888193
-30.780620987248;-47.65922282698068;-2.5793790127514598;-3.060777173018593
-30.942166743870303;-47.64337113673895;-2.457833256129156;-3.156628863260323
-30.942166743870303;-47.64337113673895;-2.497833256129155;-3.2366288632603215
-31.11113979875598;-47.634047562922035;-2.3688602012434785;-3.325952437077234
-31.11113979875598;-47.634047562922035;-2.4088602012434777;-3.4059524370772323
-31.11113979875598;-47.634047562922035;-2.448860201243477;-3.4859524370772306
-31.285683329528617;-47.62938693333417;-2.3143166704708378;-3.5706130666650964
-31.469511005003767;-47.63125444579469;-2.1704889949956865;-3.6487455542045737
-31.469511005003767;-47.63125444579469;-2.2104889949956856;-3.728745554204572
-31.655195452575377;-47.63871743090262;-2.0648045474240746;-3.8012825690966423
-31.655195452575377;-47.63871743090262;-2.1048045474240737;-3.8812825690966406
-31.846450423634444;-47.64711306320949;-1.9535495763650061;-3.952886936789767
-32.041419073978176;-47.65644131915398;-1.7985809260212733;-4.023558680845277
-32.041419073978176;-47.65644131915398;-1.8385809260212724;-4.103558680845275
-32.041419073978176;-47.65644131915398;-1.8785809260212716;-4.183558680845273
-32.240101344224726;-47.671365073227285;-1.7198986557747205;-4.248634926771963
-32.44249728088842;-47.68815402682571;-1.557502719111028;-4.31184597317354
-32.44249728088842;-47.68815402682571;-1.5975027191110271;-4.391845973173538
-32.648606788962844;-47.71426878033165;-1.4313932110365997;-4.445731219667593
-32.648606788962844;-47.71426878033165;-1.4713932110365988;-4.525731219667591
-32.85100253222767;-47.745978939232515;-1.3089974677717748;-4.574021060766725
-32.85100253222767;-47.745978939232515;-1.348997467771774;-4.654021060766723
-33.05154138187797;-47.781419378347486;-1.188458618121473;-4.69858062165175
-33.05154138187797;-47.781419378347486;-1.228458618121472;-4.778580621651749
-33.24836649146603;-47.820590073914225;-1.0716335085334094;-4.819409926085008
-33.43776418354466;-47.86255840352224;-0.9222358164547799;-4.857441596476988
-33.43776418354466;-47.86255840352224;-0.9622358164547791;-4.937441596476987
-33.61973438537794;-47.91291981878404;-0.8202656146214977;-4.967080181215188
-33.61973438537794;-47.91291981878404;-0.8602656146214969;-5.047080181215186
-33.79427705985779;-47.974472046790176;-0.7257229401416438;-5.065527953209049
-33.79427705985779;-47.974472046790176;-0.765722940141643;-5.145527953209047
-33.965105872254234;-48.049080287325616;-0.6348941277451985;-5.1509197126736055
-33.965105872254234;-48.049080287325616;-0.6748941277451976;-5.230919712673604
-34.134077742680056;-48.13114911403051;-0.5459222573193756;-5.228850885968711
-34.29005160571701;-48.21974580703967;-0.4299483942824196;-5.220254192959544
-34.29005160571701;-48.21974580703967;-0.46994839428241875;-5.300254192959542
-34.42374323777482;-48.31487024543364;-0.3762567622246067;-5.285129754565574
-34.42374323777482;-48.31487024543364;-0.41625676222460584;-5.365129754565572
-34.42374323777482;-48.31487024543364;-0.456256762224605;-5.445129754565571
-34.537009396724464;-48.4230504807557;-0.3829906032749619;-5.416949519243509
-34.63356378470515;-48.54335398569693;-0.32643621529427236;-5.376646014302274
-34.63356378470515;-48.54335398569693;-0.3664362152942715;-5.456646014302272
-34.715263345537544;-48.66832017955053;-0.32473665446187994;-5.411679820448676
-34.715263345537544;-48.66832017955053;-0.3647366544618791;-5.491679820448674
-34.77282383663599;-48.79888151464041;-0.3471761633634287;-5.441118485358793
-34.81367270244603;-48.93037520852627;-0.346327297553394;-5.389624791472926
-34.81367270244603;-48.93037520852627;-0.3863272975533931;-5.469624791472924
-34.81367270244603;-48.93037520852627;-0.42632729755339227;-5.549624791472922
-34.83780990481885;-49.0655989863753;-0.44219009518057106;-5.494401013623893
-34.83780990481885;-49.0655989863753;-0.4821900951805702;-5.574401013623891
-34.841521765028006;-49.20362022148929;-0.5184782349714112;-5.516379778509901
-34.83223578919572;-49.3351132546768;-0.5677642108036949;-5.464886745322389
-34.83223578919572;-49.3351132546768;-0.607764210803694;-5.544886745322387
-34.80623834996041;-49.455415157374325;-0.6737616500390047;-5.504584842624858
-34.80623834996041;-49.455415157374325;-0.7137616500390038;-5.5845848426248565
-34.76538624259943;-49.56825625506406;-0.7946137573999792;-5.5517437449351235
-34.76538624259943;-49.56825625506406;-0.8346137573999783;-5.631743744935122
-34.71896377033353;-49.668041217866914;-0.9210362296658801;-5.6119587821322625
-34.66511417709292;-49.74824199221513;-1.0148858229064928;-5.611758007784047
-34.66511417709292;-49.74824199221513;-1.054885822906492;-5.6917580077840455
-34.66511417709292;-49.74824199221513;-1.094885822906491;-5.771758007784044
-34.60198049248637;-49.81818430852826;-1.1980195075130382;-5.781815691470911
-34.529562642271884;-49.883463620103456;-1.3104373577275226;-5.796536379895713
-34.529562642271884;-49.883463620103456;-1.3504373577275217;-5.876536379895711
-34.44971743426896;-49.946877678102375;-1.470282565730443;-5.89312232189679
-34.44971743426896;-49.946877678102375;-1.5102825657304422;-5.973122321896788
-34.384726964354684;-50.01215708466142;-1.6152730356447194;-5.987842915337744
-34.31787955877578;-50.083964491912;-1.7221204412236233;-5.996035508087161
-34.31787955877578;-50.083964491912;-1.7621204412236224;-6.076035508087159
-34.31787955877578;-50.083964491912;-1.8021204412236216;-6.156035508087157
-34.2436046568944;-50.16416497499718;-1.9163953431050018;-6.155835025001977
-34.1637591033913;-50.25275855810573;-2.036240896608099;-6.147241441893421
-34.1637591033913;-50.25275855810573;-2.0762408966080983;-6.227241441893419
-34.08019988128551;-50.33948693604665;-2.1998001187138883;-6.220513063952502
-34.08019988128551;-50.33948693604665;-2.2398001187138874;-6.300513063952501
-34.00221128242246;-50.419687358235436;-2.3577887175769376;-6.3003126417637105
-34.00221128242246;-50.419687358235436;-2.397788717576937;-6.380312641763709
-33.92236584994791;-50.498955176653276;-2.517634150051485;-6.381044823345867
-33.92236584994791;-50.498955176653276;-2.5576341500514843;-6.4610448233458655
-33.83694984082206;-50.58102064131535;-2.683050159177334;-6.458979358683791
-33.760818082909644;-50.661221078615576;-2.799181917089747;-6.458778921383562
-33.760818082909644;-50.661221078615576;-2.8391819170897463;-6.53877892138356
-33.684686334549355;-50.74048893739084;-2.955313665450035;-6.539511062608291
-33.684686334549355;-50.74048893739084;-2.995313665450034;-6.619511062608289
-33.606697662900004;-50.825352218966785;-3.113302337099384;-6.614647781032346
-33.606697662900004;-50.825352218966785;-3.153302337099383;-6.694647781032344
-33.53242254104638;-50.92047387578032;-3.2675774589530064;-6.67952612421881
-33.53242254104638;-50.92047387578032;-3.3075774589530056;-6.759526124218809
-33.46371775788586;-51.029584234017726;-3.4162822421135246;-6.730415765981398
-33.46371775788586;-51.029584234017726;-3.4562822421135238;-6.810415765981396
-33.391299153977506;-51.14802028911764;-3.5687008460218763;-6.771979710881482
-33.32073728702634;-51.273916966737694;-3.679262712973042;-6.726083033261425
-33.32073728702634;-51.273916966737694;-3.719262712973041;-6.806083033261423
-33.32073728702634;-51.273916966737694;-3.7592627129730403;-6.886083033261421
-33.255745731723884;-51.415667495116836;-3.864254268275495;-6.824332504882278
-33.255745731723884;-51.415667495116836;-3.904254268275494;-6.904332504882277
-33.19261083703552;-51.570474096700266;-4.007389162963861;-6.829525903298844
-33.12019158910343;-51.73367373966394;-4.119808410895949;-6.746326260335167
-33.12019158910343;-51.73367373966394;-4.159808410895948;-6.826326260335165
-33.04962915514163;-51.89873855245693;-4.270370844857744;-6.741261447542172
-33.04962915514163;-51.89873855245693;-4.310370844857744;-6.82126144754217
-32.99020774658918;-52.06660124072483;-4.409792253410195;-6.733398759274273
-32.99020774658918;-52.06660124072483;-4.449792253410195;-6.813398759274271
-32.93821361985338;-52.240992054312905;-4.541786380145993;-6.719007945686194
-32.93821361985338;-52.240992054312905;-4.581786380145992;-6.799007945686192
-32.90107426058918;-52.41445049793935;-4.658925739410186;-6.705549502059746
-32.88250356082669;-52.57298800012488;-4.7174964391726775;-6.627011999874213
-32.88250356082669;-52.57298800012488;-4.757496439172677;-6.7070119998742115
-32.88250153350607;-52.715671988503466;-4.797498466493295;-6.644328011495624
-32.88250153350607;-52.715671988503466;-4.837498466493294;-6.724328011495622
-32.89549751133808;-52.85182813674719;-4.864502488661287;-6.668171863251899
-32.89549751133808;-52.85182813674719;-4.9045024886612865;-6.748171863251898
-32.92891883833802;-52.98425427769247;-4.911081161661343;-6.6957457223066115
-32.92891883833802;-52.98425427769247;-4.951081161661342;-6.77574572230661
-32.97348136589366;-53.10735482943124;-4.946518634105701;-6.732645170567842
-32.97348136589366;-53.10735482943124;-4.9865186341057;-6.812645170567841
-33.02361461392583;-53.21739941245004;-4.976385386073531;-6.782600587549034
-33.083032246757575;-53.31625323050619;-4.956967753241784;-6.763746769492883
-33.083032246757575;-53.31625323050619;-4.996967753241783;-6.843746769492881
-33.151734157041005;-53.41137688499163;-4.968265842958353;-6.828623115007439
-33.151734157041005;-53.41137688499163;-5.008265842958352;-6.908623115007437
-33.22600664298746;-53.50370289780487;-4.973993357011899;-6.896297102194197
-33.22600664298746;-53.50370289780487;-5.013993357011898;-6.976297102194195
-33.300279206873896;-53.59043346339655;-4.979720793125459;-6.969566536602514
-33.300279206873896;-53.59043346339655;-5.019720793125458;-7.049566536602512
-33.380122304930964;-53.677164112940744;-4.979877695068389;-7.042835887058317
-33.380122304930964;-53.677164112940744;-5.019877695068388;-7.122835887058315
-33.46553584367467;-53.77042287371649;-4.974464156324679;-7.109577126282566
-33.56209032880455;-53.87207497812752;-4.917909671194799;-7.087925021871534
-33.56209032880455;-53.87207497812752;-4.957909671194798;-7.1679250218715325
-33.56209032880455;-53.87207497812752;-4.9979096711947975;-7.247925021871531
-33.67349933080369;-53.9905136593835;-4.926500669195654;-7.209486340615548
-33.79047866154828;-54.12294105877453;-4.849521338451069;-7.15705894122452
-33.79047866154828;-54.12294105877453;-4.889521338451068;-7.237058941224518
-33.913028386986895;-54.26469430170165;-4.8069716130124505;-7.175305698297393
-33.913028386986895;-54.26469430170165;-4.84697161301245;-7.255305698297391
-34.0485759564011;-54.41111062160941;-4.7514240435982416;-7.188889378389632
-34.0485759564011;-54.41111062160941;-4.791424043598241;-7.2688893783896305
-34.19155081904957;-54.56312251405534;-4.688449180949775;-7.196877485943702
-34.34752356527419;-54.71699976120207;-4.572476434725154;-7.123000238796969
-34.34752356527419;-54.71699976120207;-4.612476434725153;-7.203000238796967
-34.50349622426014;-54.87647247436821;-4.4965037757392;-7.123527525630827
-34.50349622426014;-54.87647247436821;-4.536503775739199;-7.203527525630825
