;current_time;lat;lon;height;previous_lat;previous_lon;previous_height;last_speed_update;current_course_over_ground;current_speed;current_fuel_capacity;current_orientation_1;current_orientation_2;current_orientation_3;current_rotational_velocities_1;current_rotational_velocities_2;current_rotational_velocities_3;observer_lat;observer_lon;observer_height;north_from_observer;east_from_observer;down_from_observer;previous_time;cycle_time;speed_n;speed_e;speed_surge;speed_sway;n1;n2;north_error;east_error;distance_to_target;yaw_setpoint;current_angle;tau_X;tau_N;target_north_from_observer;target_east_from_observer
2024-04-23_12:07:47:932135;1713866867.932135;59.8816692;10.7429127;0.0;59.8816692;10.7429127;0.0;1713866867.932135;125.302;829236.5419719724;0;0.0;0.0;0.0;0.0;0.0;0.0;59.908642666666665;10.71945885;0.0;0.0;0.0;0.0;1713866861.2757528;6.656382322311401;0.0;0.0;-0.0;-0.0;;;;;;;;;;;
2024-04-23_12:07:50:947047;1713866870.9445324;59.88166895;10.742913566666667;0.0;59.88166895;10.742913566666667;0.0;1713866870.9445324;122.596;0.01857554916339612;0.95;-0.555;0.84;74.53;-1.843;3.413;1.24;59.8816692;10.7429127;0.0;-3004.894809932796;1313.3956144198605;0.8421497995561822;1713866867.932135;3.012397289276123;0.0;0.0;-0.0;-0.0;0.954929658551372;1105.9484103952987;3094.894809932796;-1363.3956144198605;3381.8961376671914;-0.4149512566576336;1.300793891511374;-136.51742951774673;-63.48257048225328;90.0;-50.0
2024-04-23_12:07:51:055329;1713866871.0543306;59.88166881666667;10.74291425;0.0;59.88166881666667;10.74291425;0.0;1713866871.053557;124.061;0.3765043666784513;0.95;-0.589;2.076;74.831;0.951;-0.014;1.035;59.8816692;10.7429127;0.0;-0.027852567846999743;0.04853259647943606;6.829702966365536e-10;1713866870.9445324;0.10979819297790527;0.0;0.0;-0.0;-0.0;0.954929658551372;1135.974854804747;90.02781542301842;-49.994020351008814;102.9777141943739;-0.5069165668003941;1.3060473325598767;-125.836885728399;-74.163114271601;89.99996285517142;-49.94548775452938
2024-04-23_12:07:51:163852;1713866871.1619475;59.88166868333333;10.742914983333334;0.0;59.88166868333333;10.742914983333334;0.0;1713866871.1619475;119.653;0.4028962324577252;0.95;-0.348;1.007;75.125;1.011;-2.7;0.993;59.8816692;10.7429127;0.0;-0.042707269686368864;0.08679868259102194;4.860370751702536e-10;1713866871.0543306;0.10761690139770508;0.0;0.0;-0.0;-0.0;0.954929658551372;1117.6988233456902;90.0425595531421;-49.978091269219114;102.98287303137128;-0.5067118340423998;1.31117860056074;-132.37182629715358;-67.62817370284642;89.99985228345572;-49.89129258662809
2024-04-23_12:07:51:272874;1713866871.271871;59.88166855;10.74291575;0.0;59.88166855;10.74291575;0.0;1713866871.2711012;130.145;0.4162011673372715;0.95;0.025;1.447;75.723;0.367;2.347;1.56;59.8816692;10.7429127;0.0;-0.05756197318685995;0.1278647266378915;4.021597638237395e-10;1713866871.1619475;0.1099236011505127;0.0;0.0;-0.0;-0.0;0.954929658551372;1119.837789241315;90.05722870112302;-49.9645807591555;102.98914395102305;-0.506528010239333;1.3216156694876662;-131.6124750274974;-68.38752497250259;89.99966672793616;-49.836716032517614
2024-04-23_12:07:51:382892;1713866871.3808959;59.88166833333333;10.7429165;0.0;59.88166833333333;10.7429165;0.0;1713866871.3808959;115.246;0.44120609590950216;0.95;-0.811;1.128;75.866;-2.427;-1.92;0.869;59.8816692;10.7429127;0.0;-0.07241667449634417;0.1707974090784957;2.6659861887545766e-09;1713866871.271871;0.1090247631072998;0.0;0.0;-0.0;-0.0;0.954929658551372;1118.454990594618;90.07182163513406;-49.952616761652166;102.9961017418033;-0.5063576988893617;1.324111490318018;-132.10354632691966;-67.89645367308034;89.99940496063772;-49.78181935257367
2024-04-23_12:07:51:490080;1713866871.489093;59.881668166666664;10.7429173;0.0;59.881668166666664;10.7429173;0.0;1713866871.4883125;126.935;0.45146629390922033;0.95;-0.633;1.329;76.596;2.793;2.537;2.065;59.8816692;10.7429127;0.0;-0.09655556437397897;0.2127967734690414;2.7006124975192947e-09;1713866871.3808959;0.10819721221923828;0.0;0.0;-0.0;-0.0;0.954929658551372;1121.913986570646;90.09563151548;-49.94090882292405;103.01124789183348;-0.5061462028842879;1.3368523938575767;-130.87401861943061;-69.12598138056937;89.99907595110602;-49.72811204945501
2024-04-23_12:07:51:599707;1713866871.59871;59.88166796666667;10.74291805;0.0;59.88166796666667;10.74291805;0.0;1713866871.5979497;106.436;0.43364862722724934;0.95;-0.107;2.199;76.769;-0.973;-0.429;0.519;59.8816692;10.7429127;0.0;-0.11512394029890748;0.2575960954836965;5.405047014128694e-09;1713866871.489093;0.10961699485778809;0.0;0.0;-0.0;-0.0;0.954929658551372;1120.1662965610178;90.11378971574192;-49.930891053583736;103.02227418542945;-0.5059757056125119;1.339871813463527;-131.49572349919072;-68.50427650080927;89.99866577544302;-49.67329495810004
2024-04-23_12:07:51:708412;1713866871.7066243;59.88166786666667;10.742919116666666;0.0;59.88166786666667;10.742919116666666;0.0;1713866871.7066243;106.845;0.5591239823962861;0.95;-0.825;1.07;77.542;-1.109;-2.517;2.607;59.8816692;10.7429127;0.0;-0.1374059909887136;0.2995954605738601;7.386717480739602e-09;1713866871.59871;0.10791420936584473;0.0;0.0;-0.0;-0.0;0.954929658551372;1123.709313668579;90.13559105463243;-49.91855528617086;103.03536740666493;-0.5057684332695247;1.353363208581443;-130.2343586031325;-69.7656413968675;89.99818506364372;-49.618959825596995
2024-04-23_12:07:51:815407;1713866871.814409;59.88166773333333;10.7429203;0.0;59.88166773333333;10.7429203;0.0;1713866871.8136494;106.81;0.634525990416462;0.95;-0.183;1.799;78.035;2.828;2.47;0.77;59.8816692;10.7429127;0.0;-0.14854701448056098;0.3593278899513087;1.1067550889642952e-08;1713866871.7066243;0.10778474807739258;0.0;0.0;-0.0;-0.0;0.954929658551372;1123.6649942244978;90.14618652395609;-49.92477792729833;103.04765109356903;-0.5057714444073982;1.361967681793775;-130.25016156269686;-69.74983843730315;89.99763950947553;-49.56545003734702
2024-04-23_12:07:51:923843;1713866871.922088;59.881667666666665;10.742920983333333;0.0;59.881667666666665;10.742920983333333;0.0;1713866871.922088;86.412;0.3594686486441711;0.95;0.043;1.741;77.88;-2.133;-2.364;-1.409;59.8816692;10.7429127;0.0;-0.16340171054336733;0.4255935545455767;1.529832838187417e-08;1713866871.814409;0.10767889022827148;0.0;0.0;0.0;-0.0;0.954929658551372;1121.027845216005;90.16041545150843;-49.93682796139007;103.0659366679121;-0.5058068364698647;1.3592624214531839;-131.18936636353808;-68.81063363646192;89.99701374096506;-49.511234406844494
2024-04-23_12:07:52:031663;1713866872.0299067;59.88166773333333;10.74292275;0.0;59.88166773333333;10.74292275;0.0;1713866872.0299067;80.47;0.9201568797026252;0.95;-0.866;1.072;77.448;-3.13;-1.638;-1.663;59.8816692;10.7429127;0.0;-0.17082905689044267;0.4638596425324807;1.7852465505896475e-08;1713866871.922088;0.1078188419342041;0.0;0.0;0.0;-0.0;0.954929658551372;1119.1712882355039;90.16714774619876;-49.921189113310795;103.0642501315164;-0.5056424487350596;1.3517225990845683;-131.84924432000696;-68.15075567999303;89.99631868930832;-49.45732947077831
2024-04-23_12:07:52:139011;1713866872.1379883;59.88166773333333;10.74292275;0.0;59.88166773333333;10.74292275;0.0;1713866872.1369915;78.396;0.0;0.95;-1.062;1.126;77.056;0.276;1.606;-2.887;59.8816692;10.7429127;0.0;-0.16340169249536543;0.562791476630439;2.576810499699267e-08;1713866872.0299067;0.10808157920837402;0.0;0.0;0.0;-0.0;0.954929658551372;1118.765393347759;90.15895815376709;-49.96658400164721;103.07908251515626;-0.5060662119220193;1.3448809084167506;-131.9933662565927;-68.00663374340729;89.99555646127172;-49.403792525016776
2024-04-23_12:07:52:247838;1713866872.2463133;59.88166785;10.742923783333334;0.0;59.88166785;10.742923783333334;0.0;1713866872.2463133;76.464;0.542504840464926;0.95;-1.016;1.221;76.915;2.174;3.038;-3.871;59.8816692;10.7429127;0.0;-0.16340169249536543;0.562791476630439;2.576810499699267e-08;1713866872.1379883;0.10832500457763672;0.0;0.0;0.0;-0.0;0.954929658551372;1119.2008909793915;90.15810607930558;-49.91192973120084;103.05185501144386;-0.505606338888689;1.3424199941714388;-131.83873116712113;-68.16126883287889;89.99470438681021;-49.349138254570406
2024-04-23_12:07:52:357920;1713866872.3569133;59.88166785;10.742923783333334;0.0;59.88166785;10.742923783333334;0.0;1713866872.3561401;75.703;0.0;0.95;-1.016;1.221;76.915;2.174;3.038;-3.871;59.8816692;10.7429127;0.0;-0.1504038178777131;0.6206572648561443;3.203630703774163e-08;1713866872.2463133;0.11059999465942383;0.0;0.0;0.0;-0.0;0.954929658551372;1119.8359761014308;90.14417699063345;-49.91489001840458;103.04110291950525;-0.5056969462838565;1.3424199941714388;-131.61311932253616;-68.38688067746384;89.99377317275574;-49.294232753548435
2024-04-23_12:07:52:466170;1713866872.465177;59.881668;10.742924883333334;0.0;59.881668;10.742924883333334;0.0;1713866872.4641662;71.833;0.5908363591112853;0.95;-0.196;2.043;75.631;4.37;3.153;-6.361;59.8816692;10.7429127;0.0;-0.1504038178777131;0.6206572648561443;3.203630703774163e-08;1713866872.3569133;0.10826373100280762;0.0;0.0;0.0;-0.0;0.954929658551372;1112.6593445975002;90.14318751363349;-49.86088607265964;103.01408745928312;-0.5052429759881821;1.3200099665758314;-134.15514490849466;-65.84485509150534;89.99278369575578;-49.2402288078035
2024-04-23_12:07:52:683330;1713866872.68157;59.881668;10.742924883333334;0.0;59.881668;10.742924883333334;0.0;1713866872.4641662;71.833;0.5908363591112853;0.95;-0.196;2.043;75.631;4.37;3.153;-6.361;59.8816692;10.7429127;0.0;-0.13369226675926815;0.6822563286726953;3.788092040740709e-08;1713866872.465177;0.21639299392700195;0.0;0.0;0.0;-0.0;0.954929658551372;1117.464457782571;90.1254059586861;-49.86810893234247;103.00202467770208;-0.5053878958844608;1.3200099665758314;-132.45493983433053;-67.54506016566947;89.99171369192683;-49.18585260366978
2024-04-23_12:07:52:739807;1713866872.7388053;59.8816682;10.742926;0.0;59.8816682;10.742926;0.0;1713866872.7388053;68.078;0.24171228740383316;0.95;0.24;2.08;73.833;-0.801;-2.213;-5.564;59.8816692;10.7429127;0.0;-0.13369226675926815;0.6822563286726953;3.788092040740709e-08;1713866872.68157;0.0572352409362793;0.0;0.0;0.0;-0.0;0.954929658551372;1101.289259616825;90.1242334972944;-49.81242181057743;102.97404930422874;-0.5049202260998691;1.2886289466249734;-138.14907039712705;-61.85092960287297;89.99054123053513;-49.13016548190474
2024-04-23_12:07:52:793831;1713866872.791829;59.88166841666667;10.74292715;0.0;59.88166841666667;10.74292715;0.0;1713866872.7909775;67.744;1.3182199985102512;0.95;0.24;2.08;73.833;-0.801;-2.213;-5.564;59.8816692;10.7429127;0.0;-0.11141019844977554;0.7447887100121503;4.2890503329506835e-08;1713866872.7388053;0.0530238151550293;0.0;0.0;0.0;-0.0;0.954929658551372;1114.2214587542899;90.10075642314094;-49.82164813470456;102.95796681598021;-0.5051089608252173;1.2886289466249734;-133.60322195915109;-66.3967780408489;89.98934622469116;-49.07685942469241
2024-04-23_12:07:52:900936;1713866872.8999603;59.88166841666667;10.74292715;0.0;59.88166841666667;10.74292715;0.0;1713866872.899174;67.159;0.0;0.95;-0.393;1.365;72.87;-3.702;-4.03;-4.424;59.8816692;10.7429127;0.0;-0.08727129306999452;0.8091877285200043;5.1848784335395415e-08;1713866872.791829;0.10813117027282715;0.0;0.0;0.0;-0.0;0.954929658551372;1108.9174634316778;90.07533243792918;-49.83196417425859;102.9407119038335;-0.5053161726070092;1.271821425928268;-135.47406971645336;-64.52593028354666;89.98806114485919;-49.022776445738586
2024-04-23_12:07:53:008190;1713866873.007197;59.88166868333333;10.7429284;0.0;59.88166868333333;10.7429284;0.0;1713866873.0064337;66.55;0.7089588756095252;0.95;-0.688;1.052;72.507;-3.375;-3.813;-4.523;59.8816692;10.7429127;0.0;-0.08727129306999452;0.8091877285200043;5.1848784335395415e-08;1713866872.8999603;0.10723662376403809;0.0;0.0;0.0;-0.0;0.954929658551372;1110.2549980908475;90.07398628758281;-49.778351200450466;102.91359120141054;-0.504866660994002;1.2654858807435285;-135.00313054865092;-64.99686945134907;89.98671499451282;-48.969163471930464
2024-04-23_12:07:53:116128;1713866873.1151402;59.88166868333333;10.7429284;0.0;59.88166868333333;10.7429284;0.0;1713866873.1143863;65.817;0.0;0.95;-0.688;1.052;72.507;-3.375;-3.813;-4.523;59.8816692;10.7429127;0.0;-0.057561871333946676;0.8791866599014782;5.948777249964454e-08;1713866873.007197;0.10794329643249512;0.0;0.0;0.0;-0.0;0.954929658551372;1111.7798917049272;90.04284944188662;-49.79439271623924;102.89410226827056;-0.5051494834647454;1.2654858807435285;-134.46553070652448;-65.53446929347551;89.98528757055267;-48.91520605633776
2024-04-23_12:07:53:224217;1713866873.223154;59.88166868333333;10.7429284;0.0;59.88166868333333;10.7429284;0.0;1713866873.2223978;65.32;0.0;0.95;-0.688;1.052;72.507;-3.375;-3.813;-4.523;59.8816692;10.7429127;0.0;-0.057561871333946676;0.8791866599014782;5.948777249964454e-08;1713866873.1151402;0.10801386833190918;0.0;0.0;0.0;-0.0;0.954929658551372;1111.5781003405928;90.04134837044637;-49.740407843188194;102.86667384908867;-0.5046972878987245;1.2654858807435285;-134.53671442740898;-65.46328557259103;89.98378649911243;-48.861221183286716
2024-04-23_12:07:53:331417;1713866873.3296704;59.881669;10.742929733333334;0.0;59.881669;10.742929733333334;0.0;1713866873.3296704;63.845;0.7698232293653513;0.95;-0.792;0.447;70.914;2.213;-0.505;-6.67;59.8816692;10.7429127;0.0;-0.057561871333946676;0.8791866599014782;5.948777249964454e-08;1713866873.223154;0.10651636123657227;0.0;0.0;0.0;-0.0;0.954929658551372;1102.7000828729497;90.03978542739875;-49.68679431136148;102.83939171714091;-0.5042483033634374;1.237682785759259;-137.65572530388894;-62.344274696111064;89.98222355606481;-48.80760765146
2024-04-23_12:07:53:441357;1713866873.4403605;59.88166935;10.742931083333334;0.0;59.88166935;10.742931083333334;0.0;1713866873.439363;63.547;0.7754658161384979;0.95;-0.415;0.532;70.038;3.693;1.293;-7.376;59.8816692;10.7429127;0.0;-0.022281931601718104;0.9538521845557969;6.998884810940909e-08;1713866873.3296704;0.11069011688232422;0.0;0.0;0.0;-0.0;0.954929658551372;1104.0327884169544;90.0028329461382;-49.7066390616104;102.81663243430837;-0.504590936665445;1.2223937015117885;-137.18911676548856;-62.810883234511444;89.98055101453647;-48.752786877054604
2024-04-23_12:07:53:550294;1713866873.548541;59.8816697;10.742932433333333;0.0;59.8816697;10.742932433333333;0.0;1713866873.548541;60.866;0.7791202327001386;0.95;0.041;0.826;69.126;3.986;2.886;-7.549;59.8816692;10.7429127;0.0;0.016711684626106543;1.0294510259782526;8.221669009315924e-08;1713866873.4403605;0.10818052291870117;0.0;0.0;0.0;-0.0;0.954929658551372;1102.2353161195335;89.9620999950623;-49.72767659082815;102.79115358163652;-0.5049616688807473;1.2064762987336004;-137.81831747735154;-62.181682522648465;89.9788116796884;-48.6982255648499
2024-04-23_12:07:53:657962;1713866873.6569808;59.8816697;10.742932433333333;0.0;59.8816697;10.742932433333333;0.0;1713866873.6562045;57.59;0.0;0.95;0.401;1.235;68.16;2.704;3.426;-8.233;59.8816692;10.7429127;0.0;0.05570530284632399;1.1050498656023602;9.452364878315134e-08;1713866873.548541;0.10843968391418457;0.0;0.0;0.0;-0.0;0.954929658551372;1100.2521433130162;89.92131825526175;-49.749473444122565;102.76601376297286;-0.5053392800615502;1.189616418159335;-138.51133260685967;-61.488667393140325;89.97702355810807;-48.644423578520204
2024-04-23_12:07:53:765977;1713866873.7641358;59.88167005;10.742933666666667;0.0;59.88167005;10.742933666666667;0.0;1713866873.7641358;50.055;0.7348470196558226;0.95;0.495;1.479;67.44;1.138;2.804;-9.135;59.8816692;10.7429127;0.0;0.05570530284632399;1.1050498656023602;9.452364878315134e-08;1713866873.6569808;0.10715508460998535;0.0;0.0;0.0;-0.0;0.954929658551372;1099.6175604117625;89.91945300769245;-49.69554000491938;102.73828266806466;-0.5048887241486092;1.1770500475449759;-138.73282256324146;-61.26717743675854;89.97515831053877;-48.59049013931702
2024-04-23_12:07:53:872816;1713866873.8718193;59.88167005;10.742933666666667;0.0;59.88167005;10.742933666666667;0.0;1713866873.8710635;43.155;0.0;0.95;0.412;1.631;66.186;-0.89;0.221;-10.996;59.8816692;10.7429127;0.0;0.09469891930976694;1.174115470026794;1.090415442384085e-07;1713866873.7641358;0.10768342018127441;0.0;0.0;0.0;-0.0;0.954929658551372;1095.4626430755925;89.87853973982013;-49.711176270933706;102.71004309220335;-0.5052146461431668;1.155163618724967;-140.17986575335237;-59.820134246647626;89.97323865912989;-48.537060800906914
2024-04-23_12:07:53:983803;1713866873.9818356;59.88167005;10.742933666666667;0.0;59.88167005;10.742933666666667;0.0;1713866873.9818356;32.099;0.0;0.95;0.26;1.488;65.206;-1.666;-2.424;-12.464;59.8816692;10.7429127;0.0;0.09469891930976694;1.174115470026794;1.090415442384085e-07;1713866873.8718193;0.1100163459777832;0.0;0.0;0.0;-0.0;0.954929658551372;1094.560586420533;89.87647575973148;-49.65582867973578;102.68145994706576;-0.5047526922977057;1.1380593920554225;-140.49330346598634;-59.50669653401367;89.97117467904124;-48.481713209708985
2024-04-23_12:07:54:095133;1713866874.0931282;59.88167048333333;10.74293465;0.0;59.88167048333333;10.74293465;0.0;1713866874.0931282;19.071;0.6580171292749954;0.95;-0.077;0.588;62.939;-1.373;-7.098;-14.846;59.8816692;10.7429127;0.0;0.09469891930976694;1.174115470026794;1.090415442384085e-07;1713866873.9818356;0.11129260063171387;0.0;0.0;0.0;-0.0;54.6373436035387;1085.6529141798765;89.87432490586042;-49.6002239671021;102.65269842956323;-0.5042886972384354;1.0984927779127112;-143.57458915099522;-56.42541084900476;89.96902382517018;-48.42610849707531
2024-04-23_12:07:54:209372;1713866874.2053533;59.881671;10.742935316666667;0.0;59.881671;10.742935316666667;0.0;1713866874.2053533;5.35;0.6113467912024029;0.95;-0.181;-0.273;61.063;-0.184;-6.952;-15.8;59.8816692;10.7429127;0.0;0.14297672140648024;1.2291812828167024;1.1870267058872175e-07;1713866874.0931282;0.11222505569458008;0.0;0.0;0.0;-0.0;109.6118385045944;1083.8478783902865;89.8238404165792;-49.60021601037734;102.608497384277;-0.504526361492849;1.0657504011452974;144.1959077345005;-55.8040922654995;89.96681713798569;-48.371034727560634
2024-04-23_12:07:54:349635;1713866874.3326466;59.881671;10.742935316666667;0.0;59.881671;10.742935316666667;0.0;1713866874.3326466;-13.469;0.0;0.95;-0.106;-0.795;59.738;1.158;-6.323;-16.667;59.8816692;10.7429127;0.0;0.20053870960081802;1.266514028033199;1.2808314220347228e-07;1713866874.2053533;0.12729334831237793;0.0;0.0;0.0;0.0;110.46096762574763;1083.8104905441496;89.76393001720977;-49.580916394023824;102.54672302226783;-0.5046440181798965;1.0426247885563726;144.20876622524406;-55.79123377475595;89.9644687268106;-48.314402365990624
2024-04-23_12:07:54:427020;1713866874.4250147;59.881671;10.742935316666667;0.0;59.881671;10.742935316666667;0.0;1713866874.4250147;-20.603;0.0;0.95;-0.106;-0.795;59.738;1.158;-6.323;-16.667;59.8816692;10.7429127;0.0;0.20053870960081802;1.266514028033199;1.2808314220347228e-07;1713866874.3326466;0.09236812591552734;0.0;0.0;0.0;0.0;0.954929658551372;1087.8805573120867;89.7616117693962;-49.52682178685973;102.51854965686536;-0.5041930688500371;1.0426247885563726;142.80637789945808;-57.19362210054193;89.96215047899702;-48.26030775882653
2024-04-23_12:07:54:536712;1713866874.5356646;59.8816715;10.742935516666666;0.0;59.8816715;10.742935516666666;0.0;1713866874.534892;-35.017;0.5171209491582159;0.95;0.206;-1.308;57.609;2.623;-3.276;-18.153;59.8816692;10.7429127;0.0;0.20053870960081802;1.266514028033199;1.2808314220347228e-07;1713866874.4250147;0.11064982414245605;0.0;0.0;0.0;0.0;226.6487562016968;1075.9453175016442;89.75918466800822;-49.471936756092674;102.48992027835925;-0.5037356301516329;1.0054667287814134;146.90390818567062;-53.096091814329384;89.95972337760904;-48.205422728059474
2024-04-23_12:07:54:702539;1713866874.6695995;59.8816719;10.74293525;0.0;59.8816719;10.74293525;0.0;1713866874.6695995;-61.944;0.34890087373849343;0.95;0.852;-0.903;52.65;1.075;3.713;-22.456;59.8816692;10.7429127;0.0;0.25624385158094803;1.2777138380890012;1.3251720105966758e-07;1713866874.5356646;0.13393497467041016;0.0;0.0;0.0;0.0;365.09925279335636;1059.3049194217201;89.70096996120483;-49.42810190059481;102.41777809285142;-0.5036351626175668;0.9189158511750145;152.54133871674543;-47.458661283254585;89.95721381278578;-48.15038806250581
2024-04-23_12:07:54:766860;1713866874.763882;59.881672216666665;10.742934466666666;0.0;59.881672216666665;10.742934466666666;0.0;1713866874.763882;-70.849;0.5970677002560196;0.95;0.901;-0.504;50.791;-0.074;4.977;-23.501;59.8816692;10.7429127;0.0;0.3008079554860635;1.2627807175126518;1.3109560761948025e-07;1713866874.6695995;0.09428238868713379;0.0;0.0;0.0;0.0;340.3528425232661;1062.8725444768534;89.65363909410284;-49.35433607288809;102.34073232106182;-0.5032270733896387;0.8864701803804399;151.3400991834829;-48.65990081651711;89.95444704958891;-48.091555355375434
2024-04-23_12:07:54:872269;1713866874.8672438;59.881672216666665;10.742934466666666;0.0;59.881672216666665;10.742934466666666;0.0;1713866874.8672438;-75.334;0.0;0.95;0.751;0.258;47.887;-2.051;6.329;-24.538;59.8816692;10.7429127;0.0;0.3360878597872268;1.2189147089183812;1.2319623524104095e-07;1713866874.763882;0.10336184501647949;0.0;0.0;0.0;0.0;402.0306043536527;1053.489406394837;89.61585844608577;-49.258816146947304;102.26159129031602;-0.5025869650439571;0.8357858189025246;154.4907970970811;-45.509202902918915;89.951946305873;-48.03990143802892
2024-04-23_12:07:55:009487;1713866874.9945571;59.88167248333333;10.742933216666668;0.0;59.88167248333333;10.742933216666668;0.0;1713866874.9945571;-78.687;0.5972879518695217;0.95;0.14;1.251;43.895;-4.258;5.758;-25.386;59.8816692;10.7429127;0.0;0.3360878597872268;1.2189147089183812;1.2319623524104095e-07;1713866874.8672438;0.12731337547302246;0.0;0.0;0.0;0.0;452.91312910743915;1044.4968178914937;89.61299201051153;-49.201238442395514;102.2313562530668;-0.5021069081653007;0.766112275162911;157.48413721259374;-42.51586278740627;89.94907987029876;-47.98232373347713
2024-04-23_12:07:55:093889;1713866875.0908983;59.88167248333333;10.742933216666668;0.0;59.88167248333333;10.742933216666668;0.0;1713866875.0899043;-77.57;0.0;0.95;-0.643;1.886;39.57;-3.652;2.988;-28.094;59.8816692;10.7429127;0.0;0.36579724535424757;1.1489157695033125;1.1308336317350509e-07;1713866874.9945571;0.09634113311767578;0.0;0.0;0.0;0.0;523.7684557451571;1030.0295101433114;89.58054061892501;-49.0776622280821;102.14347843769856;-0.5011993095033291;0.6906267850141562;162.24598362573215;-37.75401637426784;89.94633786427926;-47.928746458578786
2024-04-23_12:07:55:307994;1713866875.3059993;59.88167248333333;10.742933216666668;0.0;59.88167248333333;10.742933216666668;0.0;1713866875.0899043;-77.57;0.0;0.95;-0.643;1.886;39.57;-3.652;2.988;-28.094;59.8816692;10.7429127;0.0;0.36579724535424757;1.1489157695033125;1.1308336317350509e-07;1713866875.0908983;0.21510100364685059;0.0;0.0;0.0;0.0;427.3420299213685;1049.159477972062;89.57775221205287;-49.0245672237906;102.11553203525851;-0.5007564295502396;0.6906267850141562;155.93529257712447;-44.064707422875514;89.94354945740712;-47.875651454287286
2024-04-23_12:07:55:397270;1713866875.39428;59.881673;10.742930016666667;0.0;59.881673;10.742930016666667;0.0;1713866875.39428;-68.307;0.6183655157249455;0.95;-1.2;1.777;32.284;0.901;-1.302;-31.211;59.8816692;10.7429127;0.0;0.36579724535424757;1.1489157695033125;1.1308336317350509e-07;1713866875.3059993;0.08828067779541016;0.0;0.0;0.0;0.0;647.3931518716546;999.0840548270212;89.57466372651565;-48.96727020834147;102.08532672904116;-0.5002786006286948;0.5634620957138493;172.20856643439865;-27.791433565601352;89.9404609718699;-47.818354438838156
2024-04-23_12:07:55:436187;1713866875.4341722;59.881673;10.742930016666667;0.0;59.881673;10.742930016666667;0.0;1713866875.4331744;-65.959;0.0;0.95;-1.2;1.777;32.284;0.901;-1.302;-31.211;59.8816692;10.7429127;0.0;0.42335916860526435;0.9697184938056312;8.586642866181826e-08;1713866875.39428;0.03989219665527344;0.0;0.0;0.0;0.0;506.9028260533112;1033.6825532749253;89.51414178374567;-48.73454116729024;101.9207392146801;-0.49855983974318613;0.5634620957138493;161.04986950963558;-38.9501304903644;89.93750095235093;-47.76482267348461
2024-04-23_12:07:55:589376;1713866875.5584915;59.881673;10.742930016666667;0.0;59.881673;10.742930016666667;0.0;1713866875.5584915;-60.015;0.0;0.95;-0.948;1.569;27.014;3.514;0.136;-33.68;59.8816692;10.7429127;0.0;0.42335916860526435;0.9697184938056312;8.586642866181826e-08;1713866875.4341722;0.12431931495666504;0.0;0.0;0.0;0.0;623.0391544873451;1005.7770215683656;89.51063644382145;-48.67276520157626;101.88813527072595;-0.49804378365950785;0.47148324413374815;170.07958602978272;-29.920413970217272;89.93399561242671;-47.70304670777063
2024-04-23_12:07:55:656481;1713866875.6532073;59.8816734;10.742928433333333;0.0;59.8816734;10.742928433333333;0.0;1713866875.6532073;-55.891;1.0477081901603302;0.95;-0.833;1.59;25.629;3.919;0.993;-34.343;59.8816692;10.7429127;0.0;0.42335916860526435;0.9697184938056312;8.586642866181826e-08;1713866875.5584915;0.09471583366394043;0.0;0.0;0.0;0.0;587.5085161438675;1015.0079624040623;89.5074016073126;-48.617199874023974;101.85876037967252;-0.49757971089543784;0.44731043399362674;167.11997398244466;-32.88002601755535;89.93076077591786;-47.647481380218345
2024-04-23_12:07:55:760451;1713866875.7594528;59.8816734;10.742928433333333;0.0;59.8816734;10.742928433333333;0.0;1713866875.7584872;-54.492;0.0;0.95;-0.451;1.922;21.445;4.416;4.228;-34.437;59.8816692;10.7429127;0.0;0.46792325499173276;0.8810531733888468;7.751219555096611e-08;1713866875.6532073;0.10624551773071289;0.0;0.0;0.0;0.0;660.1000756822885;995.4714961943831;89.45967934119626;-48.47552809123268;101.74925577886822;-0.49658004871010086;0.374285858090184;173.3517862775102;-26.648213722489796;89.927602596188;-47.59447491784383
2024-04-23_12:07:55:900342;1713866875.888373;59.88167393333333;10.742927016666666;0.0;59.88167393333333;10.742927016666666;0.0;1713866875.8764079;-50.355;0.840539921259318;0.95;-0.182;2.319;18.745;4.558;5.34;-33.334;59.8816692;10.7429127;0.0;0.46792325499173276;0.8810531733888468;7.751219555096611e-08;1713866875.7594528;0.1289200782775879;0.0;0.0;0.0;0.0;650.5899093864916;998.1830570156351;89.45612077573686;-48.417172447289374;101.71833724571877;-0.4960923106793672;0.3271619682863371;172.49408121756719;-27.505918782432808;89.9240440307286;-47.536119273900525
2024-04-23_12:07:55:994690;1713866875.9917214;59.881674616666665;10.74292565;0.0;59.881674616666665;10.74292565;0.0;1713866875.9917214;-39.009;0.9361353506113773;0.95;0.15;3.135;13.631;2.132;3.834;-30.909;59.8816692;10.7429127;0.0;0.5273420504375695;0.8017210421863799;7.138989996380296e-08;1713866875.888373;0.1033484935760498;0.0;0.0;0.0;0.0;728.157216930505;974.6732508001761;89.393109051911;-48.28029609089454;101.59780970371014;-0.4952026978400619;0.23790583033934706;179.85298656785886;-20.147013432141144;89.92045110234857;-47.47857504870816
2024-04-23_12:07:56:102374;1713866876.1003609;59.881674616666665;10.74292565;0.0;59.881674616666665;10.74292565;0.0;1713866876.099391;-36.72;0.0;0.95;0.107;3.471;8.779;1.309;0.265;-29.806;59.8816692;10.7429127;0.0;0.6034723880223186;0.7251888672320443;6.913318023604731e-08;1713866875.9917214;0.10863947868347168;0.0;0.0;0.0;0.0;752.4543727788181;966.6364551623368;89.3135170672305;-48.14954276785528;101.46567301147714;-0.4944416193586205;0.1532224550325822;182.3283927085914;-17.671607291408606;89.91698945525283;-47.42435390062324
2024-04-23_12:07:56:224753;1713866876.220734;59.881675533333336;10.742924233333333;0.0;59.881675533333336;10.742924233333333;0.0;1713866876.220734;-34.036;1.0657293114547066;0.95;0.107;3.471;8.779;1.309;0.265;-29.806;59.8816692;10.7429127;0.0;0.6034723880223186;0.7251888672320443;6.913318023604731e-08;1713866876.1003609;0.12037301063537598;0.0;0.0;0.0;0.0;689.5375392782242;986.7790867716308;89.30979427701529;-48.092482251295195;101.43533015125418;-0.4939638766962661;0.1532224550325822;176.08559069625215;-23.91440930374783;89.91326666503761;-47.36729338406315
2024-04-23_12:07:56:325971;1713866876.3249688;59.881675533333336;10.742924233333333;0.0;59.881675533333336;10.742924233333333;0.0;1713866876.3249688;-29.469;0.0;0.95;-0.085;2.833;3.01;1.249;-4.491;-27.924;59.8816692;10.7429127;0.0;0.7055984585688369;0.645856734010926;7.10491533939539e-08;1713866876.220734;0.10423493385314941;0.0;0.0;0.0;0.0;802.2819958564831;949.0987560931043;89.20410370907057;-47.95965627791729;101.279320440229;-0.4933039389718717;0.05253441048502932;187.65900146480342;-12.340998535196576;89.90970216763941;-47.31379954390636
2024-04-23_12:07:56:494807;1713866876.4579065;59.88167668333333;10.7429229;0.0;59.88167668333333;10.7429229;0.0;1713866876.4428062;-26.222;1.2584348294388767;0.95;-0.048;2.502;0.822;2.196;-3.983;-26.887;59.8816692;10.7429127;0.0;0.7055984585688369;0.645856734010926;7.10491533939539e-08;1713866876.3249688;0.13293766975402832;0.0;0.0;0.0;0.0;764.259787769938;962.6113414510202;89.20030900964422;-47.90385944400173;101.2495672931331;-0.492836308160045;0.014346606451393388;183.5604612811591;-16.4395387188409;89.90590746821306;-47.258002709990805
2024-04-23_12:07:56:547669;1713866876.5446773;59.88167668333333;10.7429229;0.0;59.88167668333333;10.7429229;0.0;1713866876.5446773;-25.337;0.0;0.95;0.088;2.265;-1.285;3.141;-2.781;-26.01;59.8816692;10.7429127;0.0;0.8337202619778801;0.5711911958447526;7.923361688977337e-08;1713866876.4579065;0.08677077293395996;0.0;0.0;0.0;0.0;787.5916447250562;954.4200687438818;89.06834831483812;-47.77388476088374;101.07182959004713;-0.4923211015964956;-0.022427480888127134;186.0518949355925;-13.948105064407514;89.90206857681599;-47.202693565038985
2024-04-23_12:07:56:663942;1713866876.660939;59.88167803333333;10.742921683333334;0.0;59.88167803333333;10.742921683333334;0.0;1713866876.660939;-25.857;1.4202104985631965;0.95;0.394;2.062;-4.271;3.767;-1.589;-24.284;59.8816692;10.7429127;0.0;0.8337202619778801;0.5711911958447526;7.923361688977337e-08;1713866876.5446773;0.11626172065734863;0.0;0.0;0.0;0.0;806.6787564480628;947.4810921546176;89.06447392543963;-47.71915673197093;101.04255754297652;-0.4918619177641914;-0.07454301235267781;188.14577633414288;-11.85422366585713;89.8981941874175;-47.14796553612618
2024-04-23_12:07:56:838753;1713866876.7669828;59.88167803333333;10.742921683333334;0.0;59.88167803333333;10.742921683333334;0.0;1713866876.7669828;-27.25;0.0;0.95;0.814;1.846;-8.002;3.132;-1.736;-22.664;59.8816692;10.7429127;0.0;0.9841241218703447;0.5030588923627243;9.525743704941192e-08;1713866876.660939;0.10604381561279297;0.0;0.0;0.0;0.0;840.4070353569396;934.6803634579171;88.91009105390582;-47.595896098697764;100.84827027099601;-0.4915075375158091;-0.13966124674458627;191.96838888511064;-8.031611114889344;89.89421517577617;-47.09283720633504
2024-04-23_12:07:56:878285;1713866876.8762944;59.88167956666667;10.7429203;0.0;59.88167956666667;10.7429203;0.0;1713866876.8762944;-27.084;1.7159443406778032;0.95;0.893;1.794;-8.896;2.818;-1.616;-22.346;59.8816692;10.7429127;0.0;0.9841241218703447;0.5030588923627243;9.525743704941192e-08;1713866876.7669828;0.10931158065795898;0.0;0.0;0.0;0.0;812.1239383063586;945.4615635129333;88.90600731754152;-47.54038885564848;100.81848396843216;-0.49104126302746853;-0.15526449025741557;188.7523117821564;-11.247688217843596;89.89013143941187;-47.03732996328576
2024-04-23_12:07:56:984597;1713866876.9826455;59.8816812;10.7429187;0.0;59.8816812;10.7429187;0.0;1713866876.9826455;-26.932;1.9071965856412336;0.95;0.928;1.659;-11.465;0.263;-1.48;-20.712;59.8816692;10.7429127;0.0;1.1549531997024767;0.4255934031995914;1.186238864914202e-07;1713866876.8762944;0.10635113716125488;0.0;0.0;0.0;0.0;846.2282424336382;932.399746006794;88.73124241978118;-47.410398715574374;100.60307792372811;-0.49072098053060986;-0.20010199874114987;192.64398027878724;-7.356019721212746;89.88619561948366;-46.98480531237478
2024-04-23_12:07:57:149795;1713866877.1108963;59.8816812;10.7429187;0.0;59.8816812;10.7429187;0.0;1713866877.1108963;-27.779;0.0;0.95;0.433;1.512;-15.324;-2.33;-0.758;-18.713;59.8816692;10.7429127;0.0;1.336923305557702;0.33599477572166286;1.484749045932432e-07;1713866876.9826455;0.1282508373260498;0.0;0.0;0.0;0.0;874.4207331644171;921.0489498487606;88.54488560885183;-47.26332204428352;100.36940957356636;-0.4903035448216869;-0.26745425457561106;195.98189784140664;-4.01810215859336;89.88180891440953;-46.927327268561854
2024-04-23_12:07:57:212184;1713866877.2011707;59.8816829;10.742916983333334;0.0;59.8816829;10.742916983333334;0.0;1713866877.2011707;-30.168;2.3528013586021865;0.95;0.265;1.479;-16.832;-1.001;-0.566;-18.776;59.8816692;10.7429127;0.0;1.336923305557702;0.33599477572166286;1.484749045932432e-07;1713866877.1108963;0.09027433395385742;0.0;0.0;0.0;0.0;866.9848377908105;924.0925296614846;88.54080927575174;-47.21086371069883;100.34112097996127;-0.48986146587372426;-0.29377381969568556;195.090886812139;-4.909113187861001;89.87773258130944;-46.874868934977165
2024-04-23_12:07:57:311464;1713866877.3095055;59.8816829;10.742916983333334;0.0;59.8816829;10.742916983333334;0.0;1713866877.3095055;-31.227;0.0;0.95;0.229;1.319;-19.074;0.526;-1.711;-18.522;59.8816692;10.7429127;0.0;1.526320764185962;0.23986292473212803;1.8595964001999477e-07;1713866877.2011707;0.10833477973937988;0.0;0.0;0.0;0.0;883.8970843466519;917.1176622415326;88.34714324938413;-47.06073292447567;100.09960191587192;-0.48944833194808035;-0.33290410152539845;197.12843571076738;-2.871564289232616;89.8734640135701;-46.82086999974354
2024-04-23_12:07:57:425778;1713866877.4227862;59.88168468333333;10.742914983333334;0.0;59.88168468333333;10.742914983333334;0.0;1713866877.4217882;-32.407;2.031252013045333;0.95;0.299;1.206;-20.516;1.108;-1.365;-17.957;59.8816692;10.7429127;0.0;1.526320764185962;0.23986292473212803;1.8595964001999477e-07;1713866877.3095055;0.1132807731628418;0.0;0.0;0.0;0.0;882.6950663272128;917.6196054231402;88.342682246944;-47.005268839145735;100.06959980545979;-0.48898010895215394;-0.35807174933915664;196.9823199193565;-3.017680080643494;89.86900301112996;-46.765405914413606
2024-04-23_12:07:57:630449;1713866877.5716362;59.88168468333333;10.742914983333334;0.0;59.88168468333333;10.742914983333334;0.0;1713866877.5716362;-32.854;0.0;0.95;0.652;1.015;-23.197;3.206;-1.602;-15.883;59.8816692;10.7429127;0.0;1.7250024151701941;0.12786466514729639;2.3433102702696829e-07;1713866877.4227862;0.1488499641418457;0.0;0.0;0.0;0.0;902.7945895019595;909.0993517653928;88.1392971567424;-46.835810649671664;99.8104646943217;-0.4884384365392204;-0.4048640265851246;199.45172861533098;-0.5482713846690226;89.8642995719126;-46.707945984524365
2024-04-23_12:07:57:650426;1713866877.6484618;59.8816865;10.742912766666667;0.0;59.8816865;10.742912766666667;0.0;1713866877.6484618;-33.232;3.0904909126936833;0.95;0.851;0.871;-24.398;3.192;-2.104;-14.505;59.8816692;10.7429127;0.0;1.7250024151701941;0.12786466514729639;2.3433102702696829e-07;1713866877.5716362;0.07682561874389648;0.0;0.0;0.0;0.0;906.6163452717085;907.4483996049809;88.13501018603796;-46.78430437235663;99.7825192911981;-0.48800277075847015;-0.42582543090157654;199.92755664388358;-0.07244335611641572;89.86001260120815;-46.65643970720933
2024-04-23_12:07:57:756774;1713866877.7517598;59.8816865;10.742912766666667;0.0;59.8816865;10.742912766666667;0.0;1713866877.7517598;-33.815;0.0;0.95;1.082;0.603;-25.98;1.962;-2.694;-12.314;59.8816692;10.7429127;0.0;1.9273977445320365;0.0037332747122563736;2.8982768962571015e-07;1713866877.6484618;0.10329794883728027;0.0;0.0;0.0;0.0;910.4222994212059;899.7153671580413;87.92792321708637;-46.60470531860763;99.5154170925495;-0.4873843812844187;-0.4534365396681268;199.06981195687837;0.9301880431216429;89.8553209616184;-46.600972043895375
2024-04-23_12:07:57:954408;1713866877.8895533;59.88168833333334;10.742910483333333;0.0;59.88168833333334;10.742910483333333;0.0;1713866877.8895533;-34.304;1.7488024976062115;0.95;1.114;0.594;-27.328;0.071;0.778;-10.626;59.8816692;10.7429127;0.0;1.9273977445320365;0.0037332747122563736;2.8982768962571015e-07;1713866877.7517598;0.13779354095458984;0.0;0.0;0.0;0.0;914.0177119469939;891.270262287359;87.92300489844557;-46.54752014578586;99.48430239034911;-0.4868996490272602;-0.4769635779850104;198.02906049841746;1.9709395015825482;89.8504026429776;-46.54378687107361
2024-04-23_12:07:57:976869;1713866877.9738436;59.88169021666667;10.742907983333334;0.0;59.88169021666667;10.742907983333334;0.0;1713866877.972845;-34.498;3.028388606914505;0.95;1.114;0.594;-27.328;0.071;0.778;-10.626;59.8816692;10.7429127;0.0;2.1316499159402573;-0.1241313766212993;3.564664553534769e-07;1713866877.8895533;0.0842902660369873;0.0;0.0;0.0;0.0;907.1967836776199;907.1967836776199;87.7140831607707;-46.36623109515701;99.21485660274928;-0.48627001501309747;-0.4769635779850104;200.0;0.0;89.84573307671096;-46.49036247177831
2024-04-23_12:07:58:088163;1713866878.083185;59.88169021666667;10.742907983333334;0.0;59.88169021666667;10.742907983333334;0.0;1713866878.083185;-33.626;0.0;0.95;0.897;1.152;-28.733;-1.728;5.703;-7.678;59.8816692;10.7429127;0.0;2.3414726058844044;-0.2641291547252688;4.34893897116595e-07;1713866877.9738436;0.10934138298034668;0.0;0.0;0.0;0.0;907.1967836776199;907.1967836776199;87.49942512297324;-46.171762519380835;98.93422588263832;-0.4855462035004146;-0.5014854539755307;200.0;0.0;89.84089772885764;-46.4358916741061
2024-04-23_12:07:58:263851;1713866878.2243807;59.88169216666667;10.74290545;0.0;59.88169216666667;10.74290545;0.0;1713866878.2243807;-33.108;1.8376395310004152;0.95;0.382;2.112;-29.621;-3.713;5.355;-4.842;59.8816692;10.7429127;0.0;2.3414726058844044;-0.2641291547252688;4.34893897116595e-07;1713866878.083185;0.14119577407836914;0.0;0.0;0.0;0.0;917.6295150280571;882.6713124040995;87.49429494888679;-46.114873286281004;98.90315054037738;-0.48506169134571153;-0.5169839777332403;196.97943442600715;3.020565573992859;89.8357675547712;-46.37900244100627
2024-04-23_12:07:58:310697;1713866878.3077242;59.88169216666667;10.74290545;0.0;59.88169216666667;10.74290545;0.0;1713866878.3077242;-33.423;0.0;0.95;0.02;2.646;-29.988;-3.914;6.49;-4.221;59.8816692;10.7429127;0.0;2.5587226538235797;-0.40599355327904735;5.250610570772807e-07;1713866878.2243807;0.083343505859375;0.0;0.0;0.0;0.0;914.6386467269225;889.8002674752676;87.27201516689307;-45.91809504173128;98.6147863332466;-0.48434741401879616;-0.5233893360880595;197.84890529939003;2.151094700609983;89.83073782071665;-46.32408859501032
2024-04-23_12:07:58:449010;1713866878.4469953;59.881694233333334;10.7429028;0.0;59.881694233333334;10.7429028;0.0;1713866878.4469953;-33.011;1.9668622662014732;0.95;-0.57;3.549;-30.635;-2.282;4.624;-3.803;59.8816692;10.7429127;0.0;2.5587226538235797;-0.40599355327904735;5.250610570772807e-07;1713866878.3077242;0.13927102088928223;0.0;0.0;0.0;0.0;916.2850559463975;885.8859084590481;87.26574274072821;-45.85075170810832;98.57789452148772;-0.48377246966732945;-0.5346816163484629;197.37063132473244;2.6293686752675445;89.8244653945518;-46.256745261387366
2024-04-23_12:07:58:596732;1713866878.5628202;59.881694233333334;10.7429028;0.0;59.881694233333334;10.7429028;0.0;1713866878.5593185;-32.771;0.0;0.95;-0.699;3.814;-30.898;-1.055;3.067;-2.836;59.8816692;10.7429127;0.0;2.788970573888154;-0.5543911627108515;6.329708623908914e-07;1713866878.4469953;0.11582493782043457;0.0;0.0;0.0;0.0;915.948629230532;886.6877450712086;87.03000995912981;-45.64445252491035;98.27328568733738;-0.4830298351155579;-0.5392718322812079;197.4684315944181;2.531568405581915;89.81898053301796;-46.1988436876212
2024-04-23_12:07:58:673187;1713866878.670193;59.88169653333333;10.742899733333333;0.0;59.88169653333333;10.742899733333333;0.0;1713866878.6692033;-31.376;2.8071913921568434;0.95;-0.805;3.982;-31.088;-1.008;1.866;-2.01;59.8816692;10.7429127;0.0;2.788970573888154;-0.5543911627108515;6.329708623908914e-07;1713866878.5628202;0.10737276077270508;0.0;0.0;0.0;0.0;916.2364949488032;886.0017113362585;87.02489762110886;-45.59127369988797;98.2440687448488;-0.48257463989903415;-0.5425879578599971;197.38475037237387;2.615249627626138;89.81386819499701;-46.14566486259882
2024-04-23_12:07:58:777423;1713866878.7755048;59.88169653333333;10.742899733333333;0.0;59.88169653333333;10.742899733333333;0.0;1713866878.7755048;-29.936;0.0;0.95;-1.082;4.286;-31.226;-1.721;1.723;0.184;59.8816692;10.7429127;0.0;3.045214235440109;-0.7261217083193752;7.66149401476568e-07;1713866878.670193;0.10531187057495117;0.0;0.0;0.0;0.0;916.5964568772775;885.1428080043135;86.76330083298691;-45.36464204315108;97.90720667621265;-0.48176413703867244;-0.5449965122277494;197.28007411963816;2.7199258803618487;89.80851506842703;-46.090763751470455
2024-04-23_12:07:58:914464;1713866878.8895316;59.881699133333335;10.74289645;0.0;59.881699133333335;10.74289645;0.0;1713866878.8885353;-28.783;3.0354019750884045;0.95;-1.212;4.413;-31.182;-1.562;1.575;0.754;59.8816692;10.7429127;0.0;3.045214235440109;-0.7261217083193752;7.66149401476568e-07;1713866878.7755048;0.11402678489685059;0.0;0.0;0.0;0.0;915.7533640955496;887.1526710468414;86.75778741518855;-45.30889914923194;97.87650391842936;-0.48128553827851794;-0.5442285673568719;197.52517929086963;2.4748207091303716;89.80300165062866;-46.03502085755132
2024-04-23_12:07:59:002741;1713866879.0007465;59.881701983333336;10.742893266666666;0.0;59.881701983333336;10.742893266666666;0.0;1713866878.99975;-28.454;3.274191198055681;0.95;-1.334;4.679;-31.034;-0.192;1.894;1.001;59.8816692;10.7429127;0.0;3.3348809888169386;-0.9099853601675858;9.351242560295958e-07;1713866878.8895316;0.11121487617492676;0.0;0.0;0.0;0.0;915.2402598249987;888.3727400732841;86.46251986601729;-45.06920810386968;97.5038504916157;-0.48050836582075385;-0.5416454800639202;197.67423931054776;2.325760689452252;89.79740085483422;-45.979193464037266
2024-04-23_12:07:59:208654;1713866879.1333447;59.881701983333336;10.742893266666666;0.0;59.881701983333336;10.742893266666666;0.0;1713866879.1263633;-28.649;0.0;0.95;-1.334;4.679;-31.034;-0.192;1.894;1.001;59.8816692;10.7429127;0.0;3.65240031977466;-1.0882490659508923;1.1370566463941856e-06;1713866879.0007465;0.1325981616973877;0.0;0.0;0.0;0.0;915.9916332848557;886.5853064018863;86.139643268368;-44.83826752554553;97.11080463622;-0.47993638392191695;-0.5416454800639202;197.45593218704667;2.544067812953319;89.79204358814266;-45.92651659149642
2024-04-23_12:07:59:224611;1713866879.2196255;59.881704883333335;10.742890116666667;0.0;59.881704883333335;10.742890116666667;0.0;1713866879.2196255;-28.711;3.947014912007991;0.95;-0.929;5.112;-30.854;2.478;2.038;1.089;59.8816692;10.7429127;0.0;3.65240031977466;-1.0882490659508923;1.1370566463941856e-06;1713866879.1333447;0.08628082275390625;0.0;0.0;0.0;0.0;914.7396788070004;889.5607608219514;86.13431390343605;-44.78653926426015;97.08220295648823;-0.47948909764556785;-0.5385038874103304;197.81958073721364;2.180419262786361;89.78671422321071;-45.87478833021104
2024-04-23_12:07:59:337413;1713866879.3304324;59.881704883333335;10.742890116666667;0.0;59.881704883333335;10.742890116666667;0.0;1713866879.3294513;-28.589;0.0;0.95;-0.807;5.28;-30.73;0.369;0.999;0.989;59.8816692;10.7429127;0.0;3.9754901719699314;-1.2646461027020552;1.363111791663485e-06;1713866879.2196255;0.11080694198608398;0.0;0.0;0.0;0.0;915.0908497169777;888.7275669693184;85.8052095621042;-44.552540410249485;96.68227782279196;-0.47891208801593116;-0.5363396791378575;197.71762818198084;2.282371818019166;89.78069973407413;-45.81718651295154
2024-04-23_12:07:59:521514;1713866879.485609;59.88170778333333;10.742886966666667;0.0;59.88170778333333;10.742886966666667;0.0;1713866879.4561157;-28.079;2.906162028718372;0.95;-0.942;5.302;-30.587;-1.7;0.041;1.44;59.8816692;10.7429127;0.0;3.9754901719699314;-1.2646461027020552;1.363111791663485e-06;1713866879.3304324;0.15517663955688477;0.0;0.0;0.0;0.0;915.0030062935385;888.9360889566441;85.7988011981128;-44.49203609070347;96.64872250852436;-0.47838704923672715;-0.5338438583075056;197.74313470899313;2.256865291006873;89.77429137008274;-45.756682193405524
2024-04-23_12:07:59:571020;1713866879.5634599;59.88171066666666;10.742883883333333;0.0;59.88171066666666;10.742883883333333;0.0;1713866879.5634599;-27.555;3.3974494958508394;0.95;-1.121;5.335;-30.461;-2.424;0.536;1.913;59.8816692;10.7429127;0.0;4.2985800331637005;-1.4410431088937554;1.6083839335934158e-06;1713866879.485609;0.0778508186340332;0.0;0.0;0.0;0.0;914.641885016719;889.7925921957202;85.46960861445349;-44.25882065052833;96.24914130569424;-0.47781051176007866;-0.5316447434499927;197.84796543599202;2.1520345640079848;89.7681886476172;-45.69986375942209
2024-04-23_12:07:59:675367;1713866879.6733456;59.88171066666666;10.742883883333333;0.0;59.88171066666666;10.742883883333333;0.0;1713866879.6723893;-27.123;0.0;0.95;-1.326;5.515;-30.218;-1.473;1.772;2.326;59.8816692;10.7429127;0.0;4.619813061379555;-1.6137068132581964;1.874691773817716e-06;1713866879.5634599;0.10988569259643555;0.0;0.0;0.0;0.0;913.8664850123122;891.6277574402227;85.14237456505217;-44.03101648365625;95.85381765563461;-0.4772699283559846;-0.5274035933676465;198.07291826788105;1.9270817321189384;89.76218762643173;-45.64472329691445
2024-04-23_12:07:59:837003;1713866879.8081114;59.881713500000004;10.7428809;0.0;59.881713500000004;10.7428809;0.0;1713866879.8081114;-26.356;2.6314480448329713;0.95;-1.293;5.851;-29.907;0.905;1.877;2.092;59.8816692;10.7429127;0.0;4.619813061379555;-1.6137068132581964;1.874691773817716e-06;1713866879.6733456;0.1347658634185791;0.0;0.0;0.0;0.0;913.2502039007072;893.0825338388966;85.13625167428701;-43.97547503888205;95.82287698688073;-0.4767844260030978;-0.5219756193939441;198.25157272464548;1.7484272753545023;89.75606473566657;-45.58918185214025
2024-04-23_12:07:59:896233;1713866879.891203;59.881713500000004;10.7428809;0.0;59.881713500000004;10.7428809;0.0;1713866879.89024;-26.139;0.0;0.95;-1.293;5.851;-29.907;0.905;1.877;2.092;59.8816692;10.7429127;0.0;4.935475585242923;-1.7807705828315785;2.1546658093285487e-06;1713866879.8081114;0.08309149742126465;0.0;0.0;0.0;0.0;914.5440228098247;890.0245005061821;84.81470462838263;-43.755691248373175;95.43633814131151;-0.47628454716708857;-0.5219756193939441;197.87636695480413;2.123633045195867;89.75018021362555;-45.536461831204754
2024-04-23_12:08:00:004483;1713866880.0024862;59.881713500000004;10.7428809;0.0;59.881713500000004;10.7428809;0.0;1713866880.0014882;-26.171;0.0;0.95;-0.862;6.14;-29.673;3.342;1.675;1.579;59.8816692;10.7429127;0.0;4.935475585242923;-1.7807705828315785;2.1546658093285487e-06;1713866879.891203;0.1112833023071289;0.0;0.0;0.0;0.0;913.0895309519384;893.4612636555638;84.8085134959637;-43.70089654840703;95.40572477859821;-0.47580388642866434;-0.5178915489442774;198.2981305884073;1.701869411592689;89.74398908120662;-45.48166713123861
2024-04-23_12:08:00:140733;1713866880.1258016;59.8817163;10.742878066666666;0.0;59.8817163;10.742878066666666;0.0;1713866880.1258016;-26.843;2.81530850535248;0.95;-0.521;6.306;-29.54;2.43;1.314;1.204;59.8816692;10.7429127;0.0;4.935475585242923;-1.7807705828315785;2.1546658093285487e-06;1713866880.0024862;0.12331533432006836;0.0;0.0;0.0;0.0;913.4048772263449;892.717731240916;84.80224490867377;-43.64609373720515;95.37506089155374;-0.4753232132614679;-0.515570261039125;198.20674562034125;1.793254379658762;89.7377204939167;-45.42686432003673
2024-04-23_12:08:00:231037;1713866880.2250738;59.8817163;10.742878066666666;0.0;59.8817163;10.742878066666666;0.0;1713866880.2250738;-26.987;0.0;0.95;-0.521;6.306;-29.54;2.43;1.314;1.204;59.8816692;10.7429127;0.0;5.247424433194531;-1.9394344653175817;2.4504787239365555e-06;1713866880.1258016;0.09927225112915039;0.0;0.0;0.0;0.0;914.0659661673111;891.1561483742202;84.48378659378406;-43.43121673277786;94.9935828575466;-0.4748461070682914;-0.515570261039125;198.0150646223927;1.9849353776072967;89.73121102697858;-45.370651198095445
2024-04-23_12:08:00:334364;1713866880.3323824;59.881719016666665;10.742875333333334;0.0;59.881719016666665;10.742875333333334;0.0;1713866880.3313892;-26.587;3.190200130088596;0.95;-0.494;6.397;-29.367;-0.917;0.606;1.69;59.8816692;10.7429127;0.0;5.247424433194531;-1.9394344653175817;2.4504787239365555e-06;1713866880.2250738;0.10730862617492676;0.0;0.0;0.0;0.0;913.0085188947246;893.6521348870351;84.47753795987597;-43.37789932096031;94.96365920320075;-0.4743768575161844;-0.5125508414331748;198.32160217603285;1.6783978239671546;89.7249623930705;-45.31733378627789
2024-04-23_12:08:00:488989;1713866880.473024;59.881721666666664;10.7428727;0.0;59.881721666666664;10.7428727;0.0;1713866880.473024;-25.833;2.330052054959018;0.95;-0.987;6.245;-29.011;-2.748;-1.457;1.78;59.8816692;10.7429127;0.0;5.550089095139883;-2.0924984197679635;2.7552387753537744e-06;1713866880.3323824;0.140641450881958;0.0;0.0;0.0;0.0;911.8844153940527;896.2946799137789;84.16749738162683;-43.16268077639142;94.58955876464817;-0.4738500346057449;-0.5063374692960749;198.64707325446463;1.3529267455353824;89.71758647676671;-45.25517919615938
